"concept_id:ID","name",":LABEL"
"52a6e5f61ba09709362264764ca7e31f6c57710bbd6f1c753f8354c9c3a4b5e5","adjustment","Concept"
"af3c5c7c0263fa1ecd6c676082b4d4a2e773d96468a5d6517e85b97f00b9911f","release","Concept"
"9f097a658841ed55598fb167f560c6dcb6d94185de21590f266f4469494d9e21","operating","Concept"
"8763bdad543dbf1564d713502501e209fa70c5a915ef8e5501389d44b9cc64a4","key_value_store","Concept"
"03065ff6eb7b3f7d4d755eee0a1fa0a5b492bac220e139c541d14b61b152a475","magnetic disk","Concept"
"ca6f552b7acfed35cf7da22df4b493783a54b498794b9e45fe76532ac956590c","management","Concept"
"b1f17b556493e038b4989e62160733d0fccfb962abd11fc13d57eb8b551171c0","storing","Concept"
"e82f6dcd792a76edcc5f940828c553bd8881d52ea0ad66244faf92ec179963a1","form","Concept"
"e63552456203d26dd5d0be376dc6228d17398391e5cb2a6fc1f9ecbff643dcc2","transmission","Concept"
"3d2ed4041a1ad81a588fdafadf7ddfe5eb77249fee514eac65db83418fd5e384","warning","Concept"
"47df97fa863b7b37585078edb7043e98b7b0b047334adf9e7a1493c8762d6e4a","segment","Concept"
"47f95a6f22990401d1ff5d5ff31d325d9a9e743a3ddeea82364387dbf1d443d1","log forwarding-disabled","Concept"
"74808414654132fd49ec94ddcfa96d0fb33b2b5219118bc3216a41606cc0cefc","shutting down","Concept"
"a00144d69741f25cdd89f2754dcf32fe580ede130c176a2f08ef65306bb0f555","packet","Concept"
"37cc5e2ca052a16719d974cf4769a15245259284220ee26fc92867ab1f6fba45","stream","Concept"
"7b28002b8010dc3598ff896ca7939eddcd398bfbf3f2ca39eebfcebad8ecad8e","bucket","Concept"
"49e7c89b30fb675baed44b785c527c1a468e25128e3065c58be7691aed013463","handover","Concept"
"a66e401e4d6cd68d549a09633fa070f6963b02307022d48953685ac0844891b3","measure","Concept"
"7436d94bd0364e2a6ebf65b4804390c8fe1fe27dfda587a4d17a49686b448573","credential","Concept"
"258a899ea9b2725993fc52b848b247f9dec4fd1d15ec9ddb6ef31cd3e3b2648a","ratio","Concept"
"b6a6e87096d0e46e86ff3b158b39516884b47203b42e1c9b353497803bdfa3ef","display","Concept"
"7e772fb4cc2293e794250fd95ecdb8dbadd88eb01387e73e14f08bbac678a81b","planning","Concept"
"71c54d7c653d3aa2d2c9e80b5685d9adf70cd2b2f4192e61ccb19caf483addea","integration","Concept"
"9da930e02de741d793373d44ab2bfeedd060990eba60a698ffee70301176e833","workstation","Concept"
"202aecc7238dc4251577160d4d471345a8cdad1f8bbb99bd73a81501f2244924","analytics","Concept"
"037599484898d9e07f046ccf2f78dee867e43d45ee0c54c5936eb828f418cca9","balance","Concept"
"e6db6b8ba72fb4619513ad8cd88c63177dd91ae8e74132ccc52457a47abeba84","service","Concept"
"3c1b56b6e56b535bc308afc0468f11036a6236de6b5b1bfa9a470068d0a48f2b","service disruption","Concept"
"c729d2394e115eaa71ef68bc812067172710100fe3f42625755a7bc6ff59b06e","compilation","Concept"
"5842f695e99d5721fe5ed377f439d9464c2af18e1503125a0cd877ca7fbe74ed","resolving","Concept"
"66218a5045b1d57568fd6b4c63533f8ff3c33e5172b1eedd59942caa49fc3119","importance","Concept"
"bf0bd81d041c39fa5e3dac78cd870e2c76f9e47c825eb1fd4b2d80794cf1e094","character","Concept"
"4d1a234f12ca6a740296f8eb76b849bc5fdf293afc7e8603f793f4ff67a1b6c0","okay","Concept"
"791e0e0918e4da3da8ad7d03567e8806bab0fd79ebcee3ab79c718ab5d9d9f33","congestion","Concept"
"23b62d24d31e7ab1598b63adfac5fbf7a742e465d359d3232d9853d2183807e5","nightly","Concept"
"e42e2fe259102c17043c1e005bd417457aa641c57e8e676a26ac95ad931c9ca9","handle","Concept"
"b427711a3d3b2e0ea50038297248c768fdc92a7e005adf15833a3b9a9ec41d54","hierarchy","Concept"
"428b6906dc6e00c86a8c6fe97c3e6d838c844ea56be2c74761d8467192174449","准备工作","Concept"
"ed6ad3f79e20930a81f20dbb2f52ed7c9a5186112ed5a4e5b528ef6082ebea1d","assist","Concept"
"095e0c80ef0864b158ba05af3ac9f4cca9218891a619aa30e1f49e156bbbb240","containment","Concept"
"ab89eb716ec54e6c1c03aee64d0f13ca7f2715a3d1493166c50ec249e3c55f32","追赶","Concept"
"257a8f2306606f110bf68fd5480b13c8b26408628c5c3c46df1177234aae0719","latest","Concept"
"af0eb4cf4074e41b9c72e21226d78a8998bcc7ad9721cb880aca633d6c56dd12","usage","Concept"
"f0311883421274449c629c779dbee291097e7c60c44b10f43f01cfe4ce55e168","confirming","Concept"
"3bb15f860a137cabac06c515061600e761575a99aad1c2eb51835181217eb433","queue full","Concept"
"b54ac3cabc1618c2e373939319c98f591c997c4a411a3ef890d5cea85b6a5615","errors","Concept"
"857c221712e1eb0aeed7c3cf1d7f2f7f4ec4fa8de8cd02b52e1e04b529023e28","letter","Concept"
"2dfb685b4fafef7c9f785d8fc54b9230a07dc7f4d4fb1eefd94cd89bf1fd959a","resolution","Concept"
"f2b570a540a5716e22268dbe3f8dd8fae03936123eb5686b6e7612a24ade48b6","监控","Concept"
"cf465638603b3a33826fa82a886fe89623423c589409fb0176df7c4e58107a23","exceed","Concept"
"54803cf097df61916f02c01daf9a41932c61ca6b86866986865ae6443d3f97b6","label","Concept"
"2f83c730362ddda3d7f2a02c1638fb84df4d46e76c7236be9cf2969ddcdad7ea","tunnel","Concept"
"af426bca21a89ddbd3b22ffe8698a51b782e86a45f2e983a6c4fc147ea40ea73","config","Concept"
"c4c484390c0911bad2f3c7163cc558e30b157157e172c9eac62fd010ad2fb4c3","abnormal","Concept"
"70b80f434b56450d0cf9568cb6532d63629150d6f6a588d9916d4b9555282124","teammate","Concept"
"24edab09a65e492411e61f5db348b7a5b2f2e7a775b799ea06a01249f4bd537a","current","Concept"
"cf1ac02fc1dbc5b8cb2b25553aa43e6d76e05a6087a955a313e12416024f9969","container","Concept"
"a36a4b61afcf1c97c67c31d24b61228981eaf7aab5a15aa5bca7bed8792f0641","finance","Concept"
"b289ea6cf44be0b1beefb8ff6fde15d5cc3c479d88ebe20b4b5d5e2d1503f21a","correction","Concept"
"b4530e34850963c303114d0201ae1cc893b9e78ada8f93e78c852e535869ec56","facility","Concept"
"e9b52e83a2497e9656a7b6030ddf5175d54c4f991cacebd04f074ae42e103c3e","person","Concept"
"a55108a840d1095eba2e0d7833f5dbeb60585ca12faa7cc39b0bcbe9e875dc89","change","Concept"
"785741b88b711bc12d0ac8c4406f6c05704b06d217c060f0d61d03a6398e502e","implementation","Concept"
"588451911ac254048fed43ec1604fb586e9e363eac2b6297a8959c7af47c547c","facilities","Concept"
"57a498bd8b4557e41cb00d442c4029d7bd79830f5f2205b623bf313a6782297f","database","Concept"
"c20b8f136a1e8db13652ba66a23ca7e372695c2982cf2f918930707e54cf56bd","cyberattack","Concept"
"f469664300b594061088be2812777f3db9f23140cc783e184d31152227854620","f5vpn","Concept"
"253e37bcf29db7786929f2be2215456f109cf95976a74a0431da2d4b18342a7e","consultancy","Concept"
"9be24be73a0361d22531914b8dd6ff7f3ba7ae139f394d2e46f759297c1651b4","system monitoring","Concept"
"e208840e4f6f25e9e4e0d772bf6e8bec6105672f374eba9628356d4ada04acb8","verification","Concept"
"4e0899e176792718c966ff075b54ce7b38194278d9b089c29072e28bf167e77c","celebration","Concept"
"b622e6185816d8dc132f460b75fb17bb5de5db4e9f3d62854f4733168854d73d","logshipping","Concept"
"1634c784fa153027c547446e46585352adc2b8be709c9aed838409b59700650f","limitation","Concept"
"57c06cc4905ca154ae81b88022a2b7ecbda67614cd40f146eb4656c99e44aad0","授權","Concept"
"7749fc12a45bfaa3ebe56bcc410d385b8f3c23fe3ad5cbf928161fcda241c582","ability","Concept"
"3e7d416d51de31e7c1da0d3b3b1b1c3bd8e09bd2dd4ead98e07680f068c78266","field","Concept"
"c4b03f4dcf71dd6ddc509ed84bf9c05a404b556b97e478d7a1e485ad87553700","urgent","Concept"
"ee0c9e7b6d56fb3b156bd20a6ac76e9dae6f8a1613c93165ca6b83634fe8d644","case","Concept"
"0dacf7e78a765565d777181536e5275cac39434e6072f0a9265c4cc4a6cde057","structure","Concept"
"83bb9b64660a16a59ef2627b10a10658a9fae13681741657b042978a454d6adf","处理","Concept"
"57679650bd0e93b030261016a35c89171cc4238d92b696bbf47d5629ab96f0b4","downtime","Concept"
"13b8969c479661d25b0b223b24de224d198ce2b2948c2906b57960b385a3aa91","employee","Concept"
"315cc5415a4fee2e2f0a40bdc529e3fbb1462f222cc177b25a5bfcd1a13e9e1f","indexers","Concept"
"a768e9c505e747549e956209bcb407f1db81bfc1e004a370d6a10216390d25ba","enhancement","Concept"
"985562321092c3636e393ea10c1c49b86922201854f6a555449edb40f3bbce9d","persona","Concept"
"392879861977eda959c775d561ccedfbeb81d072f0273e73ceca434f587f22ed","底层","Concept"
"67e18086ee55a92dd8671c6f9c2c858f5c2756f3dda45d2ef4b783c1432085f9","healthy","Concept"
"e74208a658bf439ea0a99f68c2ff655c1b27d1067dec8db2a4a4568d5168f3db","information gathering","Concept"
"c8360d1b8380c5e4be4f65fd22cea2ca753d990825091673a1821aa56a35d785","closure","Concept"
"650fda14a1dea2367dc5c7498925be54e014835bf1c51fb6e90109d4c447ae98","data processing","Concept"
"ffd21d47bdd764447b00d2c09a7b0c84daaa41b0ab895e7970b9817213164291","infrastructure","Concept"
"7a5c394d6a865576dcb353ce9d2116a43ed721b75f7683d7b273279d03b27140","scanner","Concept"
"918663674f1491b7bd431eee78169b3ea8b75c131372f8e1afc92d5d9349599a","gathering","Concept"
"cfa883822c2fff44fbebc1f158453b402861b6fad6e22213e4668d0436314e6f","职责","Concept"
"cfe5512c43eeff11e2ae02310ebe67d2ac95f53b990cf7b3c3f6969371b863f7","disconnection","Concept"
"b777e21a2e019af01212145c6a6463fc41d533abfb171444773f601a509a454f","追逐","Concept"
"de612cd0b11ef8cf67a5f3de359a5721be9c1488f4223c598f20e84699a80dd8","address","Concept"
"949594bc6e0a9d3bc3577a67689b773f4ee8fb9cb8168e8e4a91e8a22da9f7e7","存储不足","Concept"
"a4c86e172162e24bd229adfca0bd3e819948e83ae69672889c6db6224c45f1eb","version","Concept"
"88bd9dd71232e0969759f7d09ba99ee710bde3d46cfeda46f327768ed5036e4d","mail","Concept"
"316ba7c2fc221c8492033061653622088e2f31b7d4d9f42d7c3eaca0ca19f207","happening","Concept"
"9d8322db333a13a06801eea89bb7708bb291ba2598a5ad12676f24596abf3cbf","工作","Concept"
"83b9926bfa7c138f5d98b35987c9e2f446354b031938a1500dbd5a3e59b05a43","extension","Concept"
"d19d6c04e4e69bdcbeb7bd5fa500f6f18258da4f05a27be45b1699ca93ca7713","test","Concept"
"36883b7afa90b1e458725ce468760508b05dc076e743f78b62c5a54b8c3dc48a","low","Concept"
"68df77f5b2fb86fc5d4a1ffb071a031781d4b84c490fffe7075066d287ac6dd2","judgment","Concept"
"de700bcfc2f468e23f9138717ff3c92b88c03c090ba604e5abd987beeb368520","权限等级","Concept"
"f74c9b5dc15dbf323e9b41e84518c3c5982a3f9a7839d487b9b411fac994f16b","cronjob","Concept"
"8218d4e720df13cda9db640f764d60e4e8d7d06d622d6a6b4d1b60408e534c3b","reference","Concept"
"10802b028353b7ae95fe5219e14ee9fc466698b71a71fc66fbad76ecf9d88067","moment","Concept"
"460b82f6fd14036592410db486d311e4275fae23d9ab4215c75c083d434badfe","feedback","Concept"
"4496e765701ce934db38980cc838db7ffa7cdbb4d962727944ea7ed4b9ffbe4a","geospatial","Concept"
"3e8e50b1f8c31b471ca5df9f3f5c041083f85b65bf1dfb84e6b694cca6b173bf","addition","Concept"
"fd1b20cea69a1d22a9cd1d22fd0c29419ef7852d090b87a10de617d24d78079b","virus","Concept"
"6e50b3cc35153f90b181975996519dffa9e13493bae78ce5f748c67343833a8b","success","Concept"
"8342bb93ebad0865de0f879347228fdb0836b235ce4a7c1551822d4e4fb31cb9","arrangement","Concept"
"e0ccdcb20f34da822df4f807d8a1fcb554f6a07b068522d6ebb1c21cfae6a620","newyear'seve","Concept"
"6b261de47e15fe7751db22bebbbbe0cf76d3df6ffcff28feb4825b1687398b08","equilibrium","Concept"
"bef4f223a7f90bbe6be63265e009bff23d64fca4ce5949a73cc4ca1b254c89aa","filter","Concept"
"36720b8a0286c87b45ec5e9b15a636ffb2dbcd4119c308270d00ab5e6aeec8f6","visibility","Concept"
"7535e66cbdf05216e2e26d004f4ddf7f62f07ab709866d2212bcb648b5b42361","pursuit","Concept"
"b0da337306d98d79a71bd9cbf9e4cfbdca0b56a5f70af72198a69171ddc4d86c","workaround","Concept"
"d1d4b75fa4e8f7c7213057735fd3cbfb2184ff681c6a9a08cfa626c8142b5ec0","examination","Concept"
"df3505e781f7e2eb2cb76e3677dc0d85852461b0b7db8cfc0bdbdd88ca333049","故障","Concept"
"c6465f8f5f2980472c8aa61951c863b452856e4ef8d85d2fce9440456d6dd66d","请求","Concept"
"42cbe7302432d7ada41470797d7a5ae53a500fdd8e4b0c8ba26dfa27d0a18695","table","Concept"
"df13d145e488af4e9d9ef97992bc2097e45e7a7abdd8007c2c95461741a5b509","application","Concept"
"162864099d0eef8fcfe22c26979bf9bd716381fec0c5e80b07c128a302e16b73","scheduling","Concept"
"31439eba9b4a500a304a64a736c7a12625aa30bb9a99e9b2ea53dd58e85771b5","alerts","Concept"
"ddf3b5f651c8eee9181224a5993985eac74d11e73905be8df631c573d93e0306","dataflow","Concept"
"c1692a5cf66251fee3b75d1cb5b179e4c881f2891b252872b9b42b4c18766460","syntax","Concept"
"99941545c9e4e390bc7029c78719c0955ae46c9cbfd16193d3f0cadc29a26ddf","model","Concept"
"ab2bf0bd01dcc28648b33fb080484ec95ef423d12a1b5db3315e20921e63b465","personnel","Concept"
"d471ca3ffeab1f11bf529373d5f1043546993c4bc85e2ebfc6e18f96e5d76afb","稳定增长","Concept"
"f9238a9a4787bd27d643a6dee5dd6453ab2c4ee16b2b5fa0482262f79de0bef5","status","Concept"
"1805a182645cd64ea9a23a57785cbcebd8ea19044cb4bafd83dbdf1f75f58052","approval","Concept"
"3b319f8fe5a4b55cbb619d445c76d71fce3c09eb1a15d2f5a945d024d756a4d3","identity","Concept"
"dd37b133e2d1538067bfc0c01ea01de82f36ad7d4736adc4523e73a7fd8dc933","engineering","Concept"
"4b5c59a7e95a6c92b59118150936716bdcc2524081854d4d2bd945765c4ff80b","app","Concept"
"dad742f45aaf7a86bbd1aa95a70cfc14979178faafd0bf5792d5fdccf98a7fd9","有效期","Concept"
"4bc40ac57d18322fb4bce0da92f873bb2448b53117e2d067898dffc83397fe77","clustering","Concept"
"e037b2a27ebcf186b1e01203b65dc078886c9f06cb7b06dd79afda2171a6c49d","box","Concept"
"b18a9b1f61340e81bb54cdc93ffe978cc68c6186f87f45eb2c4529a26b5da914","vessel","Concept"
"c7e26b4bb71a936fe9fe5a19c049faa53ba2ac830f66fe9f78c16cc769f2a79f","role adjustment","Concept"
"43a2cee15831a473ff7691fc383ebee7ee5bf14ad3142318f025825e69ed1b6f","tokenization","Concept"
"2a13c3ce8bd47e0b9567296dac054776f509bcdc4c6d667ebd0a82075144662d","申请单","Concept"
"2f3ac17032131abdaff4884f1df3acf311720a1d4ac4562247e2954de1f231c6","vulnerability","Concept"
"6618ea2051dde14862e2054690599ea2ff3bff28bade129204554bb07a3d4931","problem","Concept"
"b9f0fbb2610b49f9a70ec69bc5e7e1d51d9bbee18578dd43441023800f601ba2","restore","Concept"
"196ce80bc2c047776667d3584567b5a1b69086217e87885425fd66da92f168c5","site","Concept"
"c71138cb00e6263d90d9ef91c6bd5b7199996cbea4c0634b528f1f4ef9959477","on-site","Concept"
"3975b54c4692f607982bbadb2289a7e7350ee72e63b83de4f8a522ec3ec57a97","searching","Concept"
"3254235b2973d3ba590c3de5c6670e248657ec1c6c4f4a5af773e62d7407d8e9","run","Concept"
"33851bdc4608da7542753e9edf1dc2e95d670ff864e26a1f3353279b2b0ef8c5","progress","Concept"
"531b7b7244b5eb3b611c1ff2bca73710d6deb25058c5b922a172f524bc9b1db9","firm","Concept"
"0f9f7239b2918e76bbaed75ad31948ce0406e052f820bf209b1574491e365cb4","accounting","Concept"
"4266b9bc56e7f8139b7c4afca8468951be0c5c36c19940e2472d64239815829c","normalization","Concept"
"67e852ce1393faacd50de9226fdd212cd4dd6f456839bca3da1fd9176b5f243a","异常","Concept"
"9f46f72363e008d8c6d97a7be0eef33a4d459a4bf97d37c2d3cda41c99c0b002","concern","Concept"
"3f2cc274b519440595e432f56047a38e91dfdd9dbeb39a02e86d394d10d20258","establishing","Concept"
"a66914c16911e6d992f1f1360deb4ce3f1e41538a92266db38643baa409aa3a8","delegation","Concept"
"9e5d70312b9ebfc9f1b70383c85cbef981e13c206fbd41eae067afb2ccad70d4","abnormalities","Concept"
"9229edb101f6735a432329c93b2a3fc60cfb5ad884481ba693bebb5019c699d5","api management","Concept"
"60aef7829d40d0a64ed18b5c73c6dc86c5aff120578887fffc8ec2e94fd95996","organizing","Concept"
"34367f77216ffd1595bd42177bee2bd0dc09c93e8ae095847cbd67c68c471bdf","confirm","Concept"
"9432adce49bccb275f8203740696fe319d4155779dae5dfee62e022ce4b01941","overload","Concept"
"7643867a6787f2f90ec2fc9282732d08edb03642ea83d652148a642a0583fc6b","indexing","Concept"
"dc0666bb6f74d87b6263fadbf1b65fb05aa07548e42ab4b75d2b86209276b0f4","comparison","Concept"
"24e9ac2c66ac3cd7a278496d75e61fa476973e9f61d2a155723fbace412e9c1c","memory","Concept"
"388426c6c55d038b43f080d7c7d541c7f05d16619d02bdc2f197c9ca7eee35e8","prevention","Concept"
"7301badb93d9b543fcf3d03edc74488206bcf0b75415df8e94f373a2e9c6b84b","technology","Concept"
"d3787a0ecf8af7a6afd5f113a5f5dad55cd1b76bb7b94a42105c64611eed7c7b","monthly","Concept"
"883fdff6d277ad5568c34f2f576e43425c564a715739b41a4ec83d406e1d10b4","payment","Concept"
"e8ab233c2acbda85c002268e3f7680107e10fdfe2a27ce2c78631c231e86b42d","career","Concept"
"5f77bb9734d73cc6b260cae9b83d216ad13779897af353ec33d0b686595d222d","replication","Concept"
"4f9605639abf071a3ed8eee860384579525fea834943222675ca6a888b921aad","device","Concept"
"5a6b0796afc25c83bbb343bd5a59cf0c10ae5c9266970975e2b5775c89fc5e38","space","Concept"
"61fd53edbb3e8fd5243e46b44c43fd6d707aebfab1e004ea05d5faa44016b884","development","Concept"
"da69b2126cc83f60b9379a15461c87b4b87f03939059d7230d7133045f2a9456","还原","Concept"
"22f3e8ebd30479de2ce55aa3990d904a811f70e3adc1cae58cee7f3623ad057f","risks","Concept"
"3d7d52e8646dc0c19e0c20d2751ba7e5e7b46645268010b60930a702d197f561","servicing","Concept"
"0a255b71481e6af0d9ce1d8464ed8073965c80e2efe0bbdbeba576f7441b223e","stopped","Concept"
"fd6897dc94b52e57dbc7af13024af2df69d81e0f006546f7df8f3be1c770173d","健康","Concept"
"f9c5708efa25f8ecc2c503b9f5593bc03a12c35ab2e05b2397de83130b90cfeb","formatting","Concept"
"49d411870e9ef5c4727f7c9ea7e5b4eddbbbf8b3d43a9af7258c9d1358a0e16b","updates","Concept"
"b79e3e1e87ecf1a9c181d35d8fbc41207de4f7bcf09f96c0492b5249a6a281c4","coordination","Concept"
"d7138d07d0fac65a83f2b4dca2f4e5b512deb19004c8639742c3f10060b24f9d","managing","Concept"
"716b3c650f4b676f9d565777f5e1ca5dbe63f14152a3412fd2bfeb686d1679f1","integrity","Concept"
"60be31412c03a2420cab0d6fe755dc2139d85c90e9a4ef7892151daa04c06292","tracking","Concept"
"6ff27473de08325eb48829cc40f5c329e6ee04862caa5786a5dee4dd77648ca0","detail","Concept"
"849462235b126cf650f748dc8b69ca7d0794c82da9fc080e1aaea2b382bc7e2a","system optimization","Concept"
"961230d415edc5f936fee8d7542890f3dca0317995c9ba354542e2244f365600","licensing","Concept"
"d05f2257516935c2db04e0c565beb5a412d55469626ab2a2be33b65a3d68e4a9","capacity","Concept"
"858f43035741d1c78338f32a2f4d01feb7af25c685c2e1129534b87d7963aaba","disabling","Concept"
"8d29088d8a8cc0f5fe4b046627ceec26109e685a6930a654897a1023c0e750a2","新增","Concept"
"22757d0fd4b72c51fa8d308ade7056735ff13f0b2b929be62f2f1c3d35ef3e13","fixing","Concept"
"8c01f888657bf803f036bed4c55f6bafedb4e04261d0d0190e07c4e53cf50fd4","chemical","Concept"
"252fe6ff6407eef272667d0037e51efc1adeea350f59c54a4e7aca83f6d042a5","input","Concept"
"a347b03ce0df2d01744d01d326b33494aecc1eca179b70ebcb0056636dfd03c6","维护","Concept"
"12786b5e538ab853e70ff78bd659b90c36db7bdbfa818344535e30c4093e90cf","mechanism","Concept"
"5039614032a101d8c41d98fb419c30314e5106ba3225e3af570f29901a995018","whitelist","Concept"
"72e07ac7bffc5912536bd21c369a3f7ae2d29dc8f539b31e06f319b696ac40d6","power","Concept"
"97c6300039c8adb0d3a9dfa88a21f21aec9d40253d19272d12db29b1aa458ea4","level","Concept"
"125171d844d29efeaca8c0b38a8d1210608944e735756297bb15311c6804dbc0","cef output","Concept"
"cebd7dd03452042cd87db7b4551a1e8b6641a4361caf200608a9f156dd497c2c","events","Concept"
"2d2904f795c99bed13f6eb78593f3e6d3dae4717356dd302d67a738985e7309f","报表","Concept"
"7f4771481e703a7aa9986d541b412a6c192267fc7664314802031e7c99b540a6","recheck","Concept"
"2cefd0a75b658fe2fb9ff6f1a126e3fc4e82a9bf4a270f9aed029c866265b627","新增用户","Concept"
"562676a1848a8d7b873408628672afe834d8f2b83621403c2fec76f2ead70bd5","it","Concept"
"77f8848fbb029668ae47adb4b3a73df3f605d570bfa168823d98600904057c92","underline","Concept"
"33d186e5b78fe9e462643f5bd0fdf78ee90f3d2aff4da5f8696d43709f2bf13e","csv","Concept"
"8d2eeaa1d6b5daeedbfc9e97989cc83ef5a5d95dc2bf6ce444bc4d241a75215f","consultation","Concept"
"ff6f558ea77d63d5287518dddb39a11af94f2f69aafad690d733bf8920d3b002","warranty","Concept"
"247182cd8fbc0ce1082fd5eb8db002966a2b4a02955ff2716039f5ea1c8567e1","solution","Concept"
"3c3a565ee74770aee9605f34bd8e8ce7f3bdce6e2e611da75f4417d68a2bacdc","access","Concept"
"3f73db6b91b3bfd6624fe2d0a6a1b02c88427834ea64582e9c82030a4a73cdce","合作","Concept"
"40293509e81e425bada6d6ff73ff04c4e30257963b1d73bca5e143fe15adde7d","versioning","Concept"
"c125b4cf33b6a6ca7f3afbc948d03aab97d6dee458c0240070cd6dff072b9bc6","adjusting","Concept"
"31ae85f7ff3782ab0f885b525d84860083a4ddf6e0c407b51add154a189f8674","持续","Concept"
"9af59125848d7d6e1a339d99b7f4b1900c72d3a974e0b19d31392dbbfd12de4d","separating","Concept"
"ba44f46e25bf5350dc20b7832a44dc8273e74d6bca4a0047ec60944d6c70f823","occurrence","Concept"
"ce85770b5dc21d73996912db99a01607582902c1985d2ef8f7d514b998a4769b","debugging","Concept"
"b4eaca08586c8d9ac9d883b206f93770a578320f93668f94600143d56b54867a","genre","Concept"
"384e775bac6bf8d8bfb3901a78b2a13882a61e1cef0adcb60259c817dff9c103","forwarding","Concept"
"4937953b80d2522c79b9a15697d1f9778dc02a375c60e4561e69a2b9c80dc283","personnel change","Concept"
"2f8a7b30addd4ca768db69101f83a03783c736dc7f4b13cf219bd300b01992d7","number","Concept"
"1793a338d883c3174628bda41de1c40a8956e795406ae9749865b818f1b40784","operation","Concept"
"6bdd80dd10438ce9a45d2dfcb711604ca595e897a81379f1c3cb6e27694a6e3a","再次","Concept"
"7ddcfa88755df3572fbb1100f1dd7855e518175d019792b2ae5890d1c3449a67","transition","Concept"
"e392d5751bbd7f855577958050a62ade957c9665abcf99b9d3552d88c2edca64","持續","Concept"
"83f3b05659b1f63a829ec68723e78bd9c61183d6391bae93fda47041806f0c87","communication","Concept"
"5f86d54606672e6ee0658d1a4d9ec8bcd6bc87abc426afcff379cbb12a5a3dd2","forwarder","Concept"
"ac69064b48bda72a04589460fbdc4f89182d5b42f29cf689b914d37d1f2de34e","回复","Concept"
"fdb74b2151169fec54e860298a3838fb415d49574d34bcea921ed83c162f1d90","deactivation","Concept"
"46e90e6a6132d09e705507e2117ac91bf6748e3b0d21e6a3dd77f27fce1fb8f8","shell","Concept"
"224d223b645eef7fd1284f9072582f3579748bcd5830ccc00465f3a406356d3d","instant","Concept"
"de43418876ebd131357e98eb899ed88428aef4c4214e29e712394c6725937291","day","Concept"
"5f659c8daae72588b4f74fdf3f9c2d05a7b196f329abe1cd37af0b101df57e5e","peak","Concept"
"dbb65cb297f5a09e9f9087d2914fed426799498fb3f65c9fa3e3191978a70c6b","recordkeeping","Concept"
"f3c7ef8deefc4d38188d3f36ff754889a144118889eb2599bd191b514cc64e15","trigger","Concept"
"091428a55570d09c54b07ee8354af0cbdfb5d318fca5a0591fbc9e33f73d0213","space freeing","Concept"
"1c0638bff1828d0e0ee22d972ec965466a8beabde1cc3ce595e4e48f0af8ef5d","time error","Concept"
"be3daf96373da90d58d667ae0bfd9f51c88fcc08a77ec095361a93e7b28bb2d0","adding","Concept"
"13a034b9c0c50df9677eb44a9e280183e42c54221be0f19b16a1362a0447d9c3","classification","Concept"
"40d5d59c82d8dd460af69a848169cd8aed0aeb0dd3f19cee9c7b8c426b2d5dff","reallocating","Concept"
"c68b3a1f4670ee7e54f75285a05fe74ae6ccb6a64ac51373d49288f53206e994","threatintelligence","Concept"
"ad254d23eb4605ec82120ac71eb8e0618eafb285f8178aac7b9fadd9c023f8cd","date","Concept"
"4624ddbb524d338c94a39a361aa607161d58239383a8034d0e4099b89dfd8f3f","instruction","Concept"
"5cb2e49536d3aedab904e306f53dc0794d75d80b3b6b67a85dbd5d3714f59077","upkeep","Concept"
"55bade28f820267b8af67cf1e4fad733ade014f57d6cf690d2f3093f3b0911a5","carryout","Concept"
"ed7bc31be75614f5204604953fd2d406598537c916bb2200a8176c75cbf48898","vulnerabilities","Concept"
"0944b0b414c99676b48ab681e2539bbae52a1b58fa634e9befbae75debd43659","expansion","Concept"
"b2f0d003d779753b075dbce82e0bbe53dec518a6bdf29fefaf3d2514bf0e7f1a","connectivity","Concept"
"6dc965099efd6d5368a0767f19f0be70eff6a58454041ddbeab5aba5ff32050a","暂停","Concept"
"41a3874ac05df4a4403f734177f59b50f3ff5a5b9ac4417bf554f71ad244153f","threshold","Concept"
"182bbf644b6341510ed75924b1b6d213b09da7da35a59600d0d6ba98b7679532","rewriting","Concept"
"614828e4be3c9c46664fdaf3358ce71ef711e1899e87dc8b052d3082f399409b","警告","Concept"
"e9cc05bd8895be60d9c840bd63ccd58728e481eed9a6022141f8526a24e242ef","manage","Concept"
"626fb4178fba44effc5207cb54ae879e923de32046b8bbc7e39ab47f751a325f","data","Concept"
"72873113e6b011ea7037e17604029468c806b0973ef74c499d5fb469b65a69ed","training","Concept"
"23831843a48c63be9f9473d47da0cbcb01715985961899a5715d7095c78f451f","inquiry","Concept"
"1267c4cd0a32ec1a30a13e9f09d46b09a79185b3464f1be4026f7fc693e79d18","health_check","Concept"
"37e81723c53ab4b154d9d2be0da8322a0537ed415b39fea4d361b39e2bc371f7","performance","Concept"
"5f5b565bf78967c4b27077fcf944b7c8aa1c61350067eb8f93472e8e0a59a121","actualization","Concept"
"448f2e63e24ad950b4b5cdc0f58d49bd3d0cfa65283d5a18f1e1db7e6084b01b","specifics","Concept"
"2d8208e1484044e57d6e81c1bf7896c5f06d1244defe722911ae8a6b9bcadf1e","catalog","Concept"
"1653ac739f5afc3c92076fdef200f925927e64858c22ea03cb7631d878024910","files","Concept"
"5e5ea94c403f61b65637d03e9f9c9e9ef4a7f4b4991382d514b3732bebe16495","admission","Concept"
"33b09583db022cd2f8765441fecd0830334b8b6215f79adbe69dd260215966f7","occupation","Concept"
"04001dffd9c7e3d6653726155361ce835e25724e1a722c87f742d805593f9fab","machine","Concept"
"9efac7eaf026fc74023abc97196d8f0db5750b96bc5f37a3eaa4595aa646e88f","proof","Concept"
"101e85a7dcd45012be51280d29bfd96a459b7f197177d20a2c1a45fb786f9cce","company","Concept"
"d21760cb02b8f7ee9d47dd17e0826fada79f6a9edfa979124c2354f9e19be57b","reminder","Concept"
"4f1c09cdbe7ae35390bda16768beff48361e6b622acdfa0f3b4551414d1381be","health检查","Concept"
"a9e4dcd228a0e0f5621f29707e62ffae82e9e9eabe068234e2f8f6ea5f7ade50","antivirus","Concept"
"a0b52f38f2279ffcf7ff8587cda37e87e361a0e4eb1b637c99a5aeb57e1b29bb","cases","Concept"
"c81b38ec139ef801ed71d7ae899bf947de8fbf40d439afc43a45b67ff88c1444","limit","Concept"
"11a1cd9f39c60d67757e0659b66da6fbe6de780d259a942221565bda59b41fb1","扩张","Concept"
"6379478d8694d283c485b96ef4ae9b748bff42f5783a047cfab70cb12d214d7a","reviewing","Concept"
"83f0d55d635af054f8f08d537b7b5a5c69576292c71592c236b26ba8521cb1ec","mentoring","Concept"
"b03bae03232f21bc150b2a2c91fc9785ef7b5fc99963f20f4a386e9123e3e2b9","nodes","Concept"
"4e788e7009227ac7467c48430af39ebbd95650482bc5a930b1e997350742cd9f","retention","Concept"
"340423952fa736b3ff7ed6cedbc4d03a4d64df07e4bcc13b675170410d47b3aa","introduction","Concept"
"93178c3a5ea32f22a3c88cdf1261fecb9e0140c1a02bf4f5b654d9afc81def4b","inventory","Concept"
"437a20d57a696a156e89c35472cef4cea9c9140183270dd85f6ec8d884b86207","interfacing","Concept"
"0b15739d0b78ed583536de1bf53a8dacc20efc1cef567d61142257c652a991ad","professional","Concept"
"d813b42d94e936ff5c6b57833bffd79ad27b811c490c77cd317169c2ef33635f","amount","Concept"
"47ad5158c24c2e8edd8d4e4c39384fbe615873e9aebc759348eee2a1020810d9","architecture","Concept"
"0b8179ed0053d67a6d35324b870d51286a8f46e95d4f9e5106229c4ec4bcdf5e","连接","Concept"
"c9c60b238514644bdf1962ba5bdea2e7cce6a47f398f4f4cdc9cd8347ddaae8a","calibration","Concept"
"99beef0a5d3f2fadc7822041581857c994a24fcc4e154b40e0799214fe6c9390","alignment","Concept"
"94035a2c97045e7765f5c38349ab48ec80b411be7ea6f5f3bd20bbc0fe59aba0","right","Concept"
"a184cb00d88dfae6663f8e2f4b791a5d51f0180e6a09640928187ff11824b7a4","完成","Concept"
"b1cdfbb22902daad6a61fcd51ed8dbbfb4d494bd16da2d4ebba614ffc6831754","position","Concept"
"9619c8833bf96af1decec350226b6ccacb9db9468cb8c082cf7d37fdf19dc614","division","Concept"
"c5a4c21cc875d51babc8d3e3cc02a627933a43ecd543283dee307d94e166a23c","directory","Concept"
"ca1bf3830c3c8fbc931625384c1e45a547960323c9d2ca38682c2651092049b1","concept","Concept"
"bb1613d24cb5144bfd8c6844871313003a1c3a2fe4734c97d5e8bb53430f9cbc","索引管理","Concept"
"4a5e3da357a1b84ebbd2ba85631625905add3453f9f1e8d04e6ed95b3b215a7f","hydrogen","Concept"
"5cb6d0d1be3d88f6fe2be4b79db1a20c6ae0951190af5f543cf56503965ffd9a","important","Concept"
"a2084c1364bdeb4576a87745b86a0ed8ef9c1ec26ad9bcdd1b29cbba186ac72b","red hat","Concept"
"c3df3544d8a3ac3b866f8bd600a80c730f095088e34e0469506be52a309259ed","协助","Concept"
"5f6ec690c52925b53a482e5edb68a561334f3718ba0422aadb026d54a9fcc33e","compatibility","Concept"
"157e6887f83759ee4a21ecfc0c22495dd793cc44fdd470ee15736cd2b7c25438","addon","Concept"
"5366f2df2bb5b20b4cd86a328794d9f4decb08d7059093d9df4b690a97e61137","schema","Concept"
"421a29de2a6927b241c9fb3afb0c2466f6a81c8d67b7041978272743a34ce758","事件部署","Concept"
"4a863803a8041ea127e00f3fb5755d8ed271707ad20c022eba12f78ac81512d8","move","Concept"
"a213942d7d18129fe99656acfe5879724ec78683846d99fd23512ec906089a74","申请","Concept"
"6bdefa3fd731f1f4bd8b67604c685bd4995b6653094e6e6760edb3509c715a28","ip","Concept"
"e12913a6dd6692d975fbef7a7146b28e6df35e98f0ecaf4b77196b3ebe39cf3f","testing","Concept"
"dcdfa3844c2e11e8c5a2f501e49baca9e0ef1f8f75527ebe1e17acc315bac820","扩展","Concept"
"b2b46591cebd26783e8320fde551f71b18b46c6a85fc56c6d3cc94e0f39cf180","advising","Concept"
"64c005bffcb024cdc86c105182b49940012d59c374e06a5cd070cfec15e17190","website","Concept"
"e72a8616f660c764a0b2de1d4df4d85fcd12de61d8340c855b61113560b64890","dispatch","Concept"
"f6066f08196f15064de8a12a3ab54ea76bf5ab7457e7b24df3dd1396383504ee","shift","Concept"
"e471aef44202cfedb6c216a602ff5d76c867b27a0991b6e4ec2b0b56cca5616a","version update","Concept"
"cc324bf5d69ff2286c0a48a30daa07fcfc8e397a33fa663e416fdb11cc56fe16","suggestion","Concept"
"7b3f30748cc102566bd38d1ac58a9b519b8567896ead115db5d6bb760b82765d","retrieval","Concept"
"5a42584f38997e32a92031a7e4a24cc2d655e65600a1be1a88b3d1ee93367caf","guidance","Concept"
"4b5343b52b12712ba8da0b36ba89c783e8d2db9f9bb954830f4063eaffe7eddf","newline","Concept"
"4324e615d74145e71d1e65a30448189e67e6f08fce9186db55ded7c2a459c122","speed","Concept"
"1a18b536175a8133123c1a7c210553bf3e8dfa8df8afefc27107b2d8c225ca8a","管理","Concept"
"1fb978e23ea03e946f5049e1c1836951a4d0a5a2a8f2268d4fcf600cde3bd90f","weekly","Concept"
"b63037e4e1eb6c18aa81dbc8e9442a84e33c0b85c76353717b9997ccdbf0ac4a","检查","Concept"
"3f9fa84decab22650bf240db5c98969e7e5a2150decff0002424d4aa1d63b509","inspection","Concept"
"a238fd3d96ff152ff1c90daa2a5836b5d3ab2daa998c5d0b96a88b20120e24c9","normal","Concept"
"e7fc01cba0b71afc64e9140afd3218e6bc1f93868a679a136da0a3bd392be705","timeout","Concept"
"49dfc571739cde7cc6798a2fb12d97ee411f30d48656c145d2e3082468221b17","data同步","Concept"
"3954524c7e90f934e2a46080eed1d98fecdcd596e31b5b9de3a6acb4c4db9a68","template","Concept"
"b180a5724c1ffc7e3bc272952d2226ad254b9c5e244d46d2a567832bb865eaab","inaccessible","Concept"
"e10e9f03e06390772bc01de92d046384632115610c35d355467e00531811728d","工期","Concept"
"f8ee48b5e23d75d27272cb7a92ccbc91959adb302d551725c5fa7a884d76f8f6","合规","Concept"
"aba9e9868d1f1c92e35fb67655b16f7c1f0d7662ae246db57902ce1110970c9e","record","Concept"
"df5d363babd39ff4621872158772ddd844d8d1adb883340de105c4ab55b574da","distribution","Concept"
"1f57baf5ce0bff69879085286287421c50ff2e15accfae0737bdf2ea7e5c1084","departure","Concept"
"78a946775f710eca615d6a4f87252db960784b6072ca550a3bb1bbe954a29f6c","upload","Concept"
"0cd464d03c125278f191c3a512b0d4815674c1e8eaa0f902f43f3e886a70fbf3","configuration","Concept"
"e1faea160fd0d29d5aa1ba5f1e7e24a2bb35f5505d0457816b0be35e037c69e4","客户服务","Concept"
"184db7e2fde3660b4ba4b9be0481fb8bce9fbb54bee616218ea5696395a8f3db","alternative","Concept"
"b96cb1c1003e41e5d515745df5e20bb40023f31af694d8c0138f22cc27868b40","document","Concept"
"eee48be9ce65f5a2eebd13aed5158e38f07f226e33f06ade6ff8b54a5e1da3d9","critical","Concept"
"bae753a176c2857d369ffbcbf11fc2ffb3bb785ec0bdf556329aaae860cb259a","project","Concept"
"32e7a5166e9f21d1112ae948d05d85c599bd07aec6e7da93d6feb1ec45341861","attachment","Concept"
"2a50241214f3f33eb243dc203b3eb65880f934de3615bf0370b1636ec97939cc","plan","Concept"
"2a9282a37b80de8194fc6fd9d3a4e4caa2dea2f6aafe280cdc24cccbc42370ca","log accumulation","Concept"
"acd8e70bdf7e8c2399964c4257c39af34ff0fcb7b37381fb4643b1e9b0586087","flow","Concept"
"64697054cd2f51796746988130b09878d948a4a570ce03fad31f3f29713ec84b","risk评估","Concept"
"46b63aaf5f9164fadf19508924dfaf98ab38d2cea0280c8292b4985a0d45a63a","positioning","Concept"
"955b89e05869fa840661b9873783cb3a9c52eecee5aae83876785d81d2ca6ea0","certification","Concept"
"60143b5cd8f9d6a7be7828e4de97fc7ac876f004b9d49e68f117af2d38244c3d","cleaning","Concept"
"b6a9ca949dadb774cc00483b00ce699b3999120c8b8be36799d0637aa33e0573","similarity","Concept"
"de6b133a5b057f06cca2d11e71ab4de025d0f1e8994c414480f4bec132edc0c8","situation","Concept"
"3d625168b9f36e533ee325980875ba72699c64e613e086c401023cefddfbf44b","deletion","Concept"
"65a12e18efe7b566aa11ae82c545cc89dac5e911814290230a5f151e2612403e","drive","Concept"
"67b8ac2fd4fc9ca7e4525f8dba354916fc966512c08a37b081c5eeb612d18a21","weakness","Concept"
"19129a8c5d91d0a2bc757e6c5e7122f750d8b07b44a77ba6eac861412ed438cc","virtualization","Concept"
"6b7b02fb79cad4d2c77a5c4f7787cc393f31125cbaebbf20915e05b1f59eb40d","follow","Concept"
"3d77fd6935c0bcba66cf987b743604ca69c2f4838a7ec9d451eec39213b69caa","network problem","Concept"
"30fc54481589e1afcff2f19e68b8bb70f5e9f7ff57f9b5239d6519815443e8e1","assigning","Concept"
"b74cdef772ecf30f6f1b1a8989b3c4546ef90067be6c79f6dc7dbe73dde1ac7e","listing","Concept"
"e6776e04421f62af00ccfee14cecaad6ea420f398ea74db6cccd47b8f4ac5906","misplacement","Concept"
"1d8fead545a4fc4b60fe1c874d309a9b641c11e2d92ac073a85c0657f604c11a","授权","Concept"
"3979ee1ff2698b622c302fb962389f87cfbcfc571171830b5b59c10c0b985c27","parameter","Concept"
"cc54428d2650316a3ed63974fefa7c44a15de665cef2f122f84448026ca301e5","stock","Concept"
"3b8605150962d3a69d1f082335d420ae77466d641edfb248c95b256eb1595cbc","cloud","Concept"
"cd5283141af11df1a432a735a3321f9edd1d35a18183541101b85bff314c7a7d","compression","Concept"
"554439dc0b54793cdf11fbf35737cbfcd9be1f733a0ca4d19ac5d4c1886d8d6a","account deletion","Concept"
"ff4ad58e1d76a1aa7323ce7fede3e9bc76a26e1a732b43c2b6e8ba2a22492054","dynamics","Concept"
"7736d636a86137f0c99b4043349d122631d085e5f65401935b906dc5c4a01d6e","colleague","Concept"
"d3327ee3494b642f45bab4f16345fadeeafb596801438abd179a9b1e2677730d","appointment","Concept"
"7e79fa0a5c152974b09ebb2b74517db1f4fbeb8622dfeb160572c25dc4061012","evidence","Concept"
"dd5bda22c4ee00108368df94e83238748f26db7c932a7b933182d15beea7bb44","execution","Concept"
"609ef289ddf92a6f414ab5f9c01d92cc643f4f14d9f0aede3e5d9cbbd176e6b8","designation","Concept"
"3a7c9d73a5bcefc2a289d415f14755d9c0f165de0eddb3d6dfe96aded13c055d","安全","Concept"
"8cd02de9c83c78c596d7f9c56bbe7d06eb2aff6f55ea8137aff4615744804360","activity","Concept"
"9bdbe559028be8c960dd8a646590f64cbb4dd82d9731d17b739e791b9577a7e1","entry","Concept"
"c44311788be8597b1fb99d96dc8782e7309ff0d5c480f19c7d99bb1d05e2cb51","next week","Concept"
"41c74c8b77f8253da732f3b78c64141f4a7259387262c98b7ef2609dc1ec95c5","firewall","Concept"
"aad3b6af911a14f6e9c913d666ef41b4e481eac54d9a000915da30f30c2d2774","participant","Concept"
"5c846ba5d587d1c3f02d3a9c89c09fd58dd1e19d9e346924d1f33f8302a98875","工程师","Concept"
"1476301621531f08c0c9dd214a5e13460513ab277dc00c9f76e2196f40055bcd","维修","Concept"
"97e2dfd33a4968ddf2403163a93e9ac67fc3bde5cc8c25833a67285988b49873","title","Concept"
"2013af46b68cd43e2fb0e1ec09ef2ab6e03b3c4744042621b7cdaa6c094e2793","average","Concept"
"0b9734a55c9107d79cd895b4b4f6d53e96bf4d53e24ddce8e0d398a0f3bba9e1","sync","Concept"
"cbc7a483477d6ceb6c3e9a6790a52c1d042e2f388ffda53c478164e31b91e4cc","endofyear","Concept"
"ed7134c03642f63aa483f45393c7bfe9d78d02727c7611a2beba10aa1d8eb376","normal operation","Concept"
"6f6f21f4dc84d4a622ca29266d42f5f0e82ffcbcf826919332ea8c75f0224e88","overflow","Concept"
"c413b8cc4a04cc9e6510093b1eb5bf758db655cc85336d44ed4984a406439037","market","Concept"
"ce507ffde418689dc27b31a9721cb0f1540867fd1941413fe61c334e6e75832d","变更","Concept"
"ab8575e45fd412ce3ff5fea0debfc05dc4561203e002506c0b605f2cfdaad2c0","design","Concept"
"70c35a12e1ee02861220390a65d4ea189af94d0c9f260373bab5bb87f8b8963d","team","Concept"
"b314ad88e0c97622bd2081132e9064bf6cade317a09b01f61f26c55b489df1d6","报警","Concept"
"35572e99aab07ed13628521c5e54b0662b9764edc8ff036717dbd92cc0df7293","data storage","Concept"
"dcaefb0baeeea0dc6cd849d16cb3742709c4ec4ddd8f884a3d13746ee69a0f20","recovery","Concept"
"89de8e5c2784904eebd1c10be1562ea5362d72b309f20ce5db6c2b7f0b8e8581","computer","Concept"
"0c6b89e9925ac4589f1210c6684db61fd47c85db2e60decf2ab0f3208677a114","insurance","Concept"
"ef61bc4b38d3eee385b97567c6b616c5cee8496fed2c66aa561b855bbc05c4a8","festivity","Concept"
"08e6d6b09e819dba2fdb43b601ad96c7db9f7967610a7b4eda566e1a440eb21e","module","Concept"
"ca869d13a8f2c62f7928ce5849c603a249692182221d055f9a8427cc3b1bf8c1","compliance","Concept"
"b83284dd527253853c6de09c48170295fce23ae347e9d9865617f63af761af74","bug-free","Concept"
"4e3343753e5729ab04b77ab80ea6f8074a448ca8cd0e81d8a74cb7b10986d7cc","incident","Concept"
"4db9287b00bbd3688220b02a738e5c9f2167b6fa7111c6265a0d5ecf0f058b8f","yearlong","Concept"
"e11725146ae86421d6501fa8da8fb2083a6e4a1818d6083238fe20c86607dda8","interval","Concept"
"b84269d55cc3d1189385f7f068425a2948209bf1ea82094ce4eb40858815dfaf","exploits","Concept"
"1298a860b4527e20395ace12b36fed11e0a06046852eb32fc1efc0c9c7b39eda","source","Concept"
"288fc1ee3bd3773098c5dbf3701a743b59334070bd89e09c03d347bc5475b23c","cpu","Concept"
"7ad819f4dc1ba56f82802041a95b9c88dd3635a7eff544372ad547cba976ba4a","suite","Concept"
"899704276c80415b9a4e5cbabee1a7e645cb832a828c122d4484f17eb2134e56","motion","Concept"
"5eee64aa9855f7ed518b848a01b1ab690625a9c6fb567a231555cf015049e9d8","url","Concept"
"144eeb40b34450741d1f0c708d999deb313f1b918dca9a260b21125918fd1932","customization","Concept"
"71f61f09642d35103566f34407fafaadd8d600cbe8f38f485b17dae83ecd35af","edition","Concept"
"c2786d4e13df8abc05793b1c8346d613681c830ae40200e77487924e6c4e399e","syncing","Concept"
"83e61732a3c5195de4aec537e4a4e809925c1769a4e4dfc1a66dc8f4e4bd2998","access denied","Concept"
"0f57fa172c32959ec85de0ac7522bf37fd09dd4c086ad410a5f9bf8cd99656b1","synchronization","Concept"
"92303d48e369f519076f335a10518d67806fe43e906630dc7867587bca8bf929","login","Concept"
"b0d1fdf0b27e65bd582871d10ff50c6d6b85427beda672c120bf5919e7e85c5b","signature","Concept"
"b6ff4627f45d75869268caf29f7cefba0931337efbc3061396a4fe5ba0093f8f","记录","Concept"
"0b58efba0a9a95b5e3f9df05ced1a69809725b35c0ee1062d9a2cc4cd2108971","user","Concept"
"8dd6671bd836f50b84db4038ed9bb9bab7eb23a5de450fb26521862144799acd","recommendation","Concept"
"9449a0cacd73cdfbecdd096f00ebb62a26d76bdde7c68f62b35df0e63d9646d5","failure","Concept"
"cfc51d2c15260da966116ce314dd0cca9d4cd3ccd82a6602631d486799282298","configuring","Concept"
"76a345f8470c2f015fa1a30a5976a1871c0e5732c652a3183589eec6b905e063","confirmation","Concept"
"dbd581fdbb85696c1b3307d1e2446255f6dd13867087aee8a8b5d7ce37cb828d","investigation","Concept"
"4954e69a5f67ae08d4a13cefc612851ef8b0bbf7522eab2087204b4536cdfef1","rank","Concept"
"b03b711f8be213de42045aed8151dd9dd9d00613e6d36e362f37b4802cdd96e7","lab","Concept"
"94571731bb93af7cd711ee2246c1bd3803b883d6d842f28c42712a1a6fa05883","anomaly","Concept"
"414a49fe027ca859ca9ac177d160dd98e4664ca51c3983287568b5f6530a820a","kvstore","Concept"
"d7428cc6df250ced65b1c9ce7fcdc013b1451b9d476e83497b5d1e422afe85c6","assembly","Concept"
"6a436905c0725e9a41df821d7027a82d1bd0d9f8f9fd7e4582e39698953540c3","crontab","Concept"
"69dd37c8b0c6c7f57e7a70815982e428197fca41d420258f3089ed208d5d6914","point","Concept"
"4cba40f777f2af2d9e93b1a4d59f802712a0709b4572b5e97b12e3a09c747f9a","role","Concept"
"b32fd7959e33b829d9f6591c470febaac0b3151a7f844293a811e68f51474982","intellectual","Concept"
"baf2fef42ed681d5507a22257c4fa463ba1fe53989dd5448bdc15e4b41894404","cessation","Concept"
"319ac0dc1074d053056c0270997ffcd0ffd7170dc53b8152508f5ed7b02cc5d7","revisions","Concept"
"351f4c4ee5c6fd4e71f6402905945278391390af807691f390bd3ce1a33c31e1","value","Concept"
"329fe1a94bbc3913b430b7ba42a5336c741203cbe2e15b3e20b1984919b532a9","log","Concept"
"0ee5192cb2644cb6c4ce0a98ed1b96ecc0090ef4b6ff6f2082f010a7c57adc1e","focus","Concept"
"1dc775cb5145755af05f576552e7f40f6d529da1ba2bc4f8966df61c2ba73861","indexer","Concept"
"a289d63e4e7c18ccea1076dd7cc049e56ca5f7e305e291d01ffcc570facb96ee","reconnection","Concept"
"dabff38640f3ca019cde08309b722fcb7e20106449b514c63cc5ff2608e031bd","checklist","Concept"
"9b9058da9a95ebcacccd3f469d4d9bfb1611836e950e76c71e886c4c50597039","access removal","Concept"
"aa7f75b5a9940fab30fd3445f9b3cd5ef46fc58511fe87734bee57b2324d894c","cooperation","Concept"
"8d4e0accbe2c40d8d08a597e1e414980c6abe09bd1b7dac5bf9046a1524df838","identification","Concept"
"30dbdb5527e51a93331b9cf9c4f8ee4b14730af000f29912ef14f9e577ad9cac","preservation","Concept"
"4c49873baafc5c48d6558a91400864ecfd3a99c3f9b01ab8c36ba862d0e2a739","resumption","Concept"
"8b7279dddaa12fc7f3ace5de8106976459321282137a9091d5500bd1e006210a","secure","Concept"
"ce4f6331336e667ac7dfecda5a5fa5da64e140c99a16b1c0fed419f77e291d02","key","Concept"
"e03f6a238b5318a0665cf056f16439527b8cc25f406f62bb0cff6c1fdbafcd72","操作","Concept"
"8d72a915d7af9e1b21369661286003bdbd83e5fb3748a605b30a83e5cdcfa07b","服务维护","Concept"
"b61430ba5d4ac909199a742417f92fa4ad5dbf0577dcb1498c7972e08ae1389c","priority","Concept"
"e1e999636ab0b1826808e7c1fafca5251ca29b02a3b1c7c32fffafd4f8348734","disk usage","Concept"
"5a89104a7ed9209c67a49da21f15eb228554ee20114f553ae8f3bce51be4abe4","开启","Concept"
"fa36faa80eb57d4153e8b5300cc198edbcb5ab02e835828e409344d2e2ca05cc","spaceudging","Concept"
"4f77c0ded16bc6db43bedf0f11e59c2dcd5cedfc3d8b29b85c5a1fe618a01934","threat","Concept"
"f849293fd4a9cd3b407525024c4d8a711180751a4436f550eead86adbf6d1a7d","api integration","Concept"
"cfecdc96b85c03f549d95abdee07c60985926c1879efcf076597b05151852a77","检修","Concept"
"1e2ec2fc28f8095534b48a8d143157bded018a19015f0f47c77ca87982a0e183","following","Concept"
"fbf12f3908e4cc20411ff1cffbf9e29f2a42a247867d78f333c7f7695674e946","documentation","Concept"
"6647b5ccf5c142945c1b5db1fa8b5f2c59cf4d6c4248c0a80be1da0032c9353f","sender","Concept"
"50ea4f6184373dfca9dd5220897d8bafbcc117703b4ce4064b147a877b894b5c","todo","Concept"
"621ee2b5bbbc637ab2f8ca8df18b9ed137854bf9a4ee75f505fc274c6562f4c0","reboot","Concept"
"c1a1e3c5fc59e93d770597c5c5c297fe76f71dd20c5e28edc8093614a24f9f00","同步错误","Concept"
"df05f0993702e3f457eb02f9c6dd6a1f43a29f6910efed93022eecd7d305a4c2","risk","Concept"
"f6e35207f083d08498caecd1e7f3bcd4254e257931e6873d8d8222b16f867f08","期限","Concept"
"53a272bdab8e65ecc1e949ccaf975f2716d03c99b5d34df95b66bd6197a33449","functionality","Concept"
"a652d31ced02c550b014c3c1c07ea52ddaa6966595f562ba6b707ce1373a9d2b","categorizing","Concept"
"da84c861b6463a467658c343fa55d4d56a2a33aac617d65f43bc7d73d2223720","split","Concept"
"2b38d64068f2b48523c18f76b796508f3d29e979af82ffe088042aa00483e006","system check","Concept"
"75454e11fbc2677ed45e141ae04b2efcf55d82e294e2d65c7f1511a1c9a8bbc7","supervising","Concept"
"b33aa1e8d17597f95954846d7fb0a59a25e9ac95833fa67cf8ad194c3c78f415","cap","Concept"
"da2edb693a14f00765a8314b14f8b24f1baf9d9d6b1a1520cb3ecdf0bcb360bb","doctor","Concept"
"bd8ecbe4288efc2c472d91f29f863143a98c49e684886ad561121a402e69d709","checkpoint","Concept"
"0e2f248782b66ba0e6ed4af5eb6a52caa6254bdd86231d69a4b2e27f39f3ab6f","working hours","Concept"
"ce1bcf7dce13915aecbd6e834bc2b0f5ab40a93824dc47e5771566985027f018","staff","Concept"
"90cf97a1708a5cebdc7ce7eafa3cb2370287530d7555a8004cdb2c1ebe28a2c2","data explosion","Concept"
"0a7647017deb7271d1e261ca533d226743ccaabcacc6d7230ae7d58f415793db","refresh","Concept"
"c7e1311a2ea9ff479793ce48251e402bc5b012770e8a34c9b183f5ee6b6e7a84","tracing","Concept"
"5c343634d3407e089990c7ec0827ed490ebc275d8d6c9e0fcf7f2348c53dad49","analyst","Concept"
"98c913f7f4b4254679028122f2c7311db6e74d213453c70a86378af6b787ee0d","job","Concept"
"57e8f8add07fb59793a4c487d409ca15f83ba8cfc3b652fe9c2d96e659821d82","surveillance","Concept"
"66dc3dedb558ed12491b9fe3235698eefff435c6070f30d657bbe87d5b966af1","impact","Concept"
"5613c1eec712cd15484a3875367bb57d0c975e184f467c8650afca1c3fddc0e4","disposal","Concept"
"3a5078e3d91f7a9098463e947871f3d7ac4c7af624ec76038550bb8c7a3d81c1","expiration","Concept"
"3ca3579a37b31f6271b11b624e42ab296693fae62689174742c3c3963f6f755e","conditions","Concept"
"8cbfebfa699ba5216fe74424ad6fcfd1450ecbef971b5987a6e45663ccad86d7","security","Concept"
"b0780a42c380b19f60cf6ec6aa35801253a3a1572d3aae4f2f7c652cfd7b1bcd","grade","Concept"
"6a6d182831bf4947b9e72dfbb6a28130fa791e766ba1d699d375e7faa9c61394","session","Concept"
"b7f6479717954f9d78ed6f762073616927ffb7c123be4619124541a11700b3d4","building","Concept"
"79e29bf7c94aa8415061d4f8b2451e99e8ee678c36e63215f748881783bdbb5c","expanding","Concept"
"b967157b404ada43189f7dd50eef6605e6a40dfd90b30d1cec83266c28f8d320","archive","Concept"
"f002e5abcb1d4230315294ed1c66ae771cab9637139c6228b763c2183c2ffa13","delay","Concept"
"9adee4486ae3536586327187bbd6cb65b6becd915e5871f34c0eaf26189d7eb1","option","Concept"
"741849091305f1f80d0417fac37fd82bf2678c6d7bbd1ec8dc47deb203b9b736","容纳","Concept"
"f48ffa96ea58a0d31dc67b667f980f7bedf7664b9c3211ac48eab78e0743711b","vital","Concept"
"10676fbef223292d6c76c8a1d3e70efb92ef3e08f8c0f92959d9731b16b14c20","data management","Concept"
"c051b0d58e33cbf91e87b504d0d814cbbbdd51d1d8baa3ed34d9fabe103103a1","single-threaded","Concept"
"4506418dc6d57f288e56fd1561ce307f93be7ea39ebba3352d27231b9b16b3d5","employment","Concept"
"613a02c524e90af8f93a6977eb1acaacf11bee806ed89d5989cc42444b6ba762","customer support","Concept"
"4f66e9989a536412978c1ac7f402b22bc87c717969aa896f23713be93024762a","action","Concept"
"1e1b094c50f45ebcea3d54c48f50d849937333d69fda67250c666980ebf319c6","individuality","Concept"
"7d35143faf83f178ae8a3292c3b409b7cd5b82d5899c04aca93efe2095b17863","调整","Concept"
"8d1c82fd77ae9979dc146df66e795aefd1d10ff8132b39adb6a8dff7b9dd2046","privilege","Concept"
"220d2ee9dc2ebd29fb72027c533f6725d72b72e9528c4b65b6ea887800115ced","restriction","Concept"
"72fe5fab23446a47fe5985194608aacf2d13924480230c6bd72ef910dde06900","shelter","Concept"
"464d1052b4977b6522a8d72f07bd27445583e9dec24d018f52a34df5359e8de5","engine","Concept"
"ff40f4bfa7beaed28a3335851bb71348afcd7dda3f660850441dfe78b1f499fc","settings","Concept"
"926c17a61abc96142d1bfc6db153803cf70ee0b6337d16454aaac2a7059517a7","installation","Concept"
"4faabbeb7ab040be2b26131cdb79e05d48dc66738f0314ab2ae04e1654a67b95","consumption","Concept"
"d1845ab9cecc19befa1ba15868a04b64e641e13246b742b727db067aa0d1d700","accuracy","Concept"
"53e3ad797fe675cd78d05226900f793efab95edd39002cd1c8f0d2e8fddf4839","responsibility","Concept"
"7b9fdf920d59269177de1c210d69f686301798adf4a7ed3a8ec3b824cde411a8","submitter","Concept"
"726df0bd06c349177bc4bf013184a68a1dbe0d099c3271a12c8e48838d7d139b","日志","Concept"
"f92433e1a182f168be46ea3b1e5fa961e1de18c33c967f682bc086d89d0b28c4","动作","Concept"
"d901abf05cc896bd332fdd23549d3f7a5c78be023d8651ced60733d06194ba4b","node","Concept"
"c38fa67696ac0790d4c1fcc2cbd5d37af80aebce28c82fa2cec76fffec6793bb","item","Concept"
"efa89a2b61e67a4d9f91ad68f8ca3c1b7f40b2306636e2961d290e96887134bd","package","Concept"
"2ba007ea2c74ad9b770c4512f9f25344347456c242e60c64b0d81ca9a66996a7","relocation","Concept"
"35c04adf79fdb9152a73104bf9d8d2d9bac7981ce12a3a92d1943c5ba53f4d98","email","Concept"
"942a18e949741ff8e4fd36e27a751bf3815e4075a77c4b2ca5d51df37e3eadab","no update","Concept"
"a647626c3d823f160baf74bb049d5527222d6c67d68dc5ae6328ddaca732ea26","assignments","Concept"
"74e3e15d5af396f031b5c68754620f1452409e9af2339424ed3d39f126ec6686","alarm","Concept"
"ebd070126254f9ffa6348e25349a2d13dc9dfa8fe82685ce35c05fc4e9c726d6","upgrading","Concept"
"59fc8e3d1fa6a6c1912d7cf4a1c40d726c55a6a0548623ec7c6c9929f6405e0d","interface","Concept"
"279708d8f6facb935aeea1c67fb0d7fe63c41ccfedd7fa4905365b2d09813590","permission","Concept"
"2617435b76a55b7b021985cc747f4244277e3ceb13c726c05b833795e4aa4df0","art","Concept"
"a32fe3d9f7471a29f9b1a8f0f72c77c874508e4681a4b7eef616a24758c7d010","storage","Concept"
"c098fcdb7209d502a2f85a8a950f4d8ca3b6eea4e91d3e793bd409431afb9746","credentials","Concept"
"cafc7514348e678d7b77081942dfd05ac1eb9b16e054d11c9e685a269d1fb938","networking","Concept"
"b92d1817f3b48f3a573add0f0f19f482707800abbd68127e67a95208f4d0fd7a","data collection","Concept"
"55b4df268fe400aa6680dc0401f0077e8b860b3cdad66d295792780d45beeb8b","matter","Concept"
"f7e9f52e709214d18377d5d47e34dd390373cdc89d6d5bcb00d5dd6d82648427","occupancy","Concept"
"6931643d38ef937ffc035efce1a5edf46fbdfcb40a7dfdfa45704b7f936ee92e","defining","Concept"
"6e2c0d67c9a1c07d5e06dcc7c3f1ee7d0c96047c08b1a5fa33c385a736268487","cluster","Concept"
"dab45fb5f12b365e6762309474caf1daac629087238ef2d6c2247d8b1221c0f8","sending","Concept"
"ff0324e71e213911f2f4e966c6a426df0bce3bca49cdf281d56a5950e2dfd428","ip list","Concept"
"3e2aecb6f773252180ecb4c238c259a7510a5701c5281907a5270c47aa65efe5","revision","Concept"
"c1d7c2f5982530f8b3ecf0e9945fac7c41da9e602f571097a2190092561b3460","account)","Concept"
"106e5486a94f42b98bab33ee08cf9a631f2cfb046d1eb89383d5c67e0a592cc3","权限设置","Concept"
"368ea9dd3407c13350e8f358efe43c508dff1e0d365f307b6f9ea99033ad198b","reconciliation","Concept"
"c5a3babeb67d05e8b2ed96f4c9c6aef1826df8c605d46dde7e7dfb551eaa335e","regeneration","Concept"
"38eaa13c4ec880907407ed049b369edeb502dcdecab886a9969118a4d2ebbd5d","roles","Concept"
"ac09b725b480609276df1db26a11fd1727b9096e3691863ba3d6da11b46e0b32","working","Concept"
"7f1bfe791b64c32f1321a3f573a5289df2801d3a222048dbd2b128bca7513195","medical","Concept"
"22d3f1786a347622d3ba32fb2e9c78c92cdee18be7622e486a8ec9ef8e604e17","时间","Concept"
"846a32b3f56e5ef013d767afab679389133536cba66299ed99bc3318fdf8fa39","records","Concept"
"df71f830aea0f37494d6039f94978f751cbe58b0c2b640d850f68bf1af28fa26","office","Concept"
"0363c4dd82f8842cd2dbb254ea1c68c537eeca63ee00cdd7bd41d1a12add5ee2","regulation","Concept"
"e1a8a56c94b44419d365690f816793f0546c1d32a6e4af783672c0015c6bc946","空旷","Concept"
"19ae19c86d055939e2c8b88472ee258b4852067c03f00ad08e3a36858c2a518e","script","Concept"
"0f82e5f6251f01a54b4e0f3b4c0c8d16369b32b98e6944746dcced3de17cb9b1","healthcare","Concept"
"65753e618c189b92b6962063b4f4ee66b5111b85f084bcb7fd52ff6d2dab33b2","property","Concept"
"fe8dbc518886f43d0e7af73559c51d9bc7ffb7de334a8e3a1c7e95f639f08272","attribute","Concept"
"22c0763212ca0d33fb0593f5ca0609c3361b7de219e4d3a5a374df5ea27abec8","checklists","Concept"
"fe33386b2cbc1aa9216aed3ae995b2e7ccccb85751c7f88b606e3cd3cc073649","advice","Concept"
"ba34ab2528d2935d16bd40fcfc803faeef6fb361247e789f0bc846b4a3a9070b","error","Concept"
"b1b79c6ffd97a0dc8898b79232261d972e328eccef759faa65340aeea4e14563","operator","Concept"
"42c6eeb5edf2d9248ae043ff7f94fb3d6766eb3294ac75ab4662e2ee9130be24","foundation","Concept"
"e8289c0ca8f40177dd860b6bc7635be1483d86f261dad35b4e1eaaf696fb0655","period","Concept"
"1d4f15e5182e6643843d9c10b5fd49f0f23a5f4e4d20b3649227ada85fd60b7b","normalcy","Concept"
"36ab9cf1a664dceaf11948ff5989281c3476d986af6f459594e7199679f1f5dd","worker","Concept"
"0131ee44e69860cb4634d2e17b4543a7f252587eeafa10d50753709e4eb46747","设备","Concept"
"f13f8201fbf26b63e526265f740d3b17bc1d8ae865e388d20d2c09bff743894f","modifying","Concept"
"5a8efffff9357d2508d8ce6c534d56e9dcd58c3208c85c7acc8fbc06b9188d34","系统","Concept"
"8e824a996b7d4c0232217fe92969a6ed135cd08dae78f62f3e03fc524d4361db","unidentified","Concept"
"1ef36601ee685966029541fcdc701b337bd43a7680530de3771820117bdf15fb","enforcement","Concept"
"8938256440bbc1148eea83bb247e0d0e39db2273ed82dd390c388e350abe6312","code","Concept"
"0dd0e582088008dd1ad8594f05607ad53358e3b3864a88bef69341ef81d73d58","time management","Concept"
"3473bec3f2cadc6d160918931b2fefaca9a9917628f6bd1499edb8005747d469","simulation","Concept"
"30d8c70d23bbb9f14bff01085e3d88be9f66e87d6010bb151ceda2d092f4abf8","timekeeping","Concept"
"e0dc41d4c1cbbb9c19c628a571135c4c4ae433d178c6d810ad0dbd7a134d9248","duties","Concept"
"f25537a79eb6eb84bdc449e89757088411abb4413674fdbe54151866e069b5c5","items","Concept"
"a26cfd6ed1961216d4e33e7769f33956662242f410ebc57d95aa13fdfd2175d7","exceeding","Concept"
"e6083588da3252c0b37501e61ae047082cb91171fac07e9b68d219f9e9d9f786","unit","Concept"
"9acd0c83caf074ba841b029352d2a87b83b91eefdc6c528617d47f572caf7f54","freedom","Concept"
"867a5366b75d46fdfe4fb8725f9be1635526f74cc2ce6dd5c6741a8f6408c7e1","评估","Concept"
"bbb1aff64bffb9d6dc177cb3e9a5999e03c87da67e39507cf770a837a280df8a","procession","Concept"
"c6e545ee3b0db96732d419b72af00144bec22f0cceacf7e852915d313f8e766a","obligation","Concept"
"cd3004f22b4315db09b6f15013c37c880b75cfd570bb228edbb3b6139385708c","equipment","Concept"
"5ec5ba45d421d7a95fd8240a8d043ffc2841cf56fa9e9f7eaa707504277554fe","operating system","Concept"
"4f235ae3e990a1eb0b2d7e7f32be8ba90e3c64d90a4511c18f0295eec6dcef30","用量","Concept"
"5afd59699291194357a5f4f0106b7b097a2b81868f8f751991ebce884a923a0a","event processing","Concept"
"b200bd39eacfa8f16e06852e9e89be21c4d793461bef5d78a614e4d6d89fa311","装置","Concept"
"ad2924c71fe06de4f91134e0b58c7b1806b103c914441f4271e1290bd08c6916","flaws","Concept"
"8cb7119cceae25fa3386cdcb02800192e91c39b461baa8963651bbab3d05b979","上升","Concept"
"3c6b97848c2fc09ddeb261e382e2cabcadb7a7c0c75de931a49027b056e45ad1","存储","Concept"
"e16abda64cbf4a2c8ae863ad7ebb3964750755efa2f2a3bf0505c870cead17af","coworker","Concept"
"42c09c9ba518a14e2a95d07a753788af66d526c9f289849ed4ba8da97e0f27fe","category","Concept"
"902f64ea508886a915d38d86e073f25feb240b119b1015f82a3ccfc0856dadd5","validity","Concept"
"0e162f7038816bfa33602a15b250f47eccf3a69e16531b6a2fa87ed910d794c6","agent","Concept"
"67f31a09dd2cff5528b2a288dbdb0b757dcdec3d74fa83df40fedbdc54258276","algorithm","Concept"
"0c5b5d288f7fdda8195da1b3113435df06c649d343f48262a50a2070faeb1908","timeframe","Concept"
"f670ab464a5d5f857a4eeb1bf51aba993ab3c2d880c5f78382dcfc236ca3cafe","connection issue","Concept"
"53653ed886c4188e003625b0d5e62f7c6b51d38ed47ba28737c5514ffc7ef955","splunk","Concept"
"4473429a51537c63ee6b2c1c2dd55a15e8c645796948724153cb1fee60d92f7e","redirection","Concept"
"84542edf67a55cbd634edae64b15d2e8b31ae15b2cf883654147222967ccb9b4","supplementation","Concept"
"cb998988984982a467d31e06c9cf637f4fca13e12ee8fb78a6a28e78894b7fd0","queue","Concept"
"37631d295b0a61f451dfb7ea781023abc803fb99a74dcba6727afcafd552170a","distro","Concept"
"2369af5dddbeddff5396581e3f199990ed4320eb978925a838962188af964192","sync issues","Concept"
"9c38acb067cf3b8d3b8471973b324acaefa2426a5dd50b578bfb706b04c88897","重启","Concept"
"dd39ad2953ea0c4977ae45eab50017eb0d26030d6dcad3a1e004547e5f1dec7a","path更改","Concept"
"5f4bec7c4da17ef68490d0dcc5a4b0d639289aa96364c5a0a54fe026abb8e9f2","权限","Concept"
"bd8d949f6dd7765556589bb508b87b5785c380a30f498e660ec9b4fc0338b9f4","filtering","Concept"
"6208e1dcf973b42f4fa79464c4d99106707b86d980681c16c0dd234f2d40d94e","patching","Concept"
"3831d28ef4ae19be44a752105d470c6e23693dceee3bbbeba9768bec585876da","waiting","Concept"
"f535ac04d5ad20cdc4fe1eb2fa22384b36cc229e753d3bd5945df2451c50683e","follow-up","Concept"
"1853aec25a40e7cc148517cb3b86fefeec9303a4d4989b9b30989687fc5ec498","water","Concept"
"ba5f5d96e33f44dc79935b2f3c54887df9ff7aeaa814c5290e609a4f0af62c3a","detection","Concept"
"97aafb6a8b45310740597ce053fe5009db25d21fbc5cdbeb2a208fc8b4916bba","consolidation","Concept"
"9f61dc262b705876b4bc2c63b32040032dac36130dfe9bcec0c6caee289b57fb","checking","Concept"
"3f4ef22bfa6c4a49091215c2f09b929a97d51186fd636650932f1e07dbf43440","platform","Concept"
"69f8160e74010404b13a71bc0036f2aa6c33ff1674af505fc573ad22593804de","result","Concept"
"17b6e07d7d461644305e6b9046b4cb5668cf5ecaef6b2d8916901270d19f2771","协调","Concept"
"e9b154398d8f4ac3c17e09632ac25cb838f9317e2d9126f7e55a3e0203070183","stability","Concept"
"7d70e87f9c9a39a4a0473899b6d280dc5a7f07efbac1bf97140ea4287b8e04df","block category report","Concept"
"a91b3896180d6ce5a88f36610dd303f5a65a3b152f3dcd6164ce792851b1150c","logs","Concept"
"c2120ee50c052376300b0bc728a681c5d4a7f4276ddcd081f3d644425514cd07","reliability","Concept"
"33a0eeda808e77e6594103d35c17c4a311ab74f3fd65d3788f85ae35597b8930","plugin","Concept"
"63dd0f7a9bf5d006254d395df3ccb223dd9fa83dab4ae1af9c3dc1c5f93ec6e4","marking","Concept"
"0eec0a180663bc08f940759215c10b9262692aeb3d94fd81c3d5e40bb1ee2bf9","arp","Concept"
"c2837d79591f9bd47927858ab8f46150a5c00c87a9e3081be1661166da815178","增加量","Concept"
"1998df723d7a63f458644a0be5cb7217ceba83a83b850fd7b4253483d2873ba6","accessing","Concept"
"19d7ad74438a49067b3985301c6d4bf979026784045eab50f09cd44cb47d38b6","fcb setting","Concept"
"8ac03d13f0cda6e8ab5de6313e5ec20b3ae103b82d6390712d9ae795911c8438","观察","Concept"
"cb4bc3cca351327e6fb9ae07113176bcec0fd79da7166d051a96e62fa53b18a8","linux","Concept"
"d08100cba73f9231d677aef35a168429eb9aed33a62169444b6c706d5bed13dc","监测","Concept"
"c75ddef37d937650fcb33ce5769ba76465cbda7744c026f1af8528e5eafc3012","reduction","Concept"
"6cbfc16e3fc78fa621c0629ec85d44b88a3149135ea4a489115a5d2696e559ba","contract","Concept"
"738b3d69c8c9f60b1b008696f991d1b04468bcb28ba585e19590cc2ab1160fec","durability","Concept"
"a8c81a14cd588b4ddab722919658110e34debe91232f9262bbffd4100db48b75","finding","Concept"
"727564e5d62f2943bb27216a8182d27b570b170d48133fb96951f33c1081a245","urgency","Concept"
"5ac3d79c461bc2dc90ef37e2863799a7773410e4a4d9788478faa17309bea460","correspondence","Concept"
"0e412550299eef427a103d5ddd0252ee39ab5b699ce546c30a011a72acae2fd7","efficiency","Concept"
"e843434d02d59f71f10cd6314718de902b70acaca4d08efd4ca2d914c91e0234","deleting","Concept"
"e8bc985c217c5af2399d8ba3362c6ff1c861bad0af89691214c28ca927c96bec","stable","Concept"
"771c735b928cafbaf62d168b428bc618f05f91c7439bc3f3e2e8e11bcd8135c0","utility","Concept"
"b886c9fa9efe719d355df6639f7538f6428438cb27ae9084e2e0c210b8b4e1d9","meeting","Concept"
"0eb21e7e4e53aed1b136f0195eaff3515eaf67f15751134a621d641ff13d2d78","changing","Concept"
"74203ef0ae5a0a29dff89d2992db21d698de578e2aa4d74e0f16b6f7c8256373","info","Concept"
"8941b305e53da04d2366ab38f303ac5e78d03481ab9bb074c88c0e39563d31ae","add","Concept"
"4e0328cd4d428fdb9c00b8fdd234a1d00186a365179a7977532c03cdae12a3be","vmization","Concept"
"ed1525e4643634690facec469661927dfa2369d5957716107406cef72c676da0","task","Concept"
"b3bd7d46f27ea2c1dcad13013c4c0ca121fb31b208c899ad6b45c4991185dd4d","setting","Concept"
"e6c6bd54c16227284925923a03ab29820d6a8c8255fa5aab9d38c16d63a4b939","parameters","Concept"
"8cea62ed19cee2be5c55e4e885b1a0a620bb211c54058e97617bbfbb8cd8424e","condition","Concept"
"f315bad391c1044ed013cfe1875124d608f05c73e4d2b543d7c53c0e26b1a154","explanation","Concept"
"5f81e61987fe12978292ce8b81349cc9dbabf038c29394e4d97d113565218340","联动","Concept"
"9af1a6405bca227101f69fea8b90efafaf8e8afc3f49fcdc9097a07c19508233","patch","Concept"
"27f81b3a6aec28c5171a7186f6069151ec913e1ece3a7726e8da0281234edee0","expectation","Concept"
"1363a70beffbf583756c59954d3bd4dcb80cd3b026dd2a4f8a933ef3dafd0b44","部署","Concept"
"1d41a57df94b34524557c15229c815cb5339bd95b08cdb38742cee3df2374ae9","missing","Concept"
"5bddbba7acdd8c39cc969e7bde7d37a1fa470bbbcc405e7f23c46b4ceaf8da53","allowance","Concept"
"9178b922dba2f7338e885d851dc0b82cb5ad37968210f4f164b5afe9c8880421","switching","Concept"
"c7ec74a78e18a5eea1238d1bee8cad0db83951c824bd189f94f9c9cfa289b861","new year's eve","Concept"
"6574a5096b569e9b49acc6e4c4dc5d4bb25d8411b216d3d1e8a2c89c275c347e","temporary solution","Concept"
"21202045f25d302d707b8715e30bd0296ffb88472fa9a453e8555747107d3ba5","quota","Concept"
"170067f7f79207e6f5aed8f6916a6772ebcf658a92841a56a7339567a683502e","index","Concept"
"eeb814d7ad34882ef4dbcf7dca3f86e5faa4c5d834681a64c8738a182c655f43","login failure","Concept"
"861fb7eb7b8c0d9383629f3b0323d6b70ca536a073225360ddb9e184ee901ad7","optimization","Concept"
"2b9cbc6bb573f14fab1ece59864f6ea66ac18fc9cffff7f54a077f88a79013e5","client","Concept"
"72e7a9afc3f54882c234570c28dbef421a3add4baf056a49bdd1fe322881b1f9","upgrade","Concept"
"0226f38084ba44e37e854b5ec60c7e3c62fd55ec1096108312052f6a14de56df","operations","Concept"
"38efb5c9b49dcd4097f026950305d6d6057ca939887331bd0ff1b41600601f33","identifier","Concept"
"2386f21ada5e3f235bd35e64cf201d412d87c5b50763d1665538292741a35886","thing","Concept"
"7e0db668ec71c0207f4de95c30cd6d13b165dad057064d71d2abe45da048c14d","geolocation","Concept"
"62091ff1dcd27a35994c098e5aba61cd398632dc1bf00bc990504aa8220ac723","collection","Concept"
"8f28bb8dd4d59051215d561ebd558f8debf885cd0bad3133b9f5e7af53bf05f3","space满载","Concept"
"3f42a809b1356d0980812314029d0b7a0a3aac13c023c52e235d17c1e14210e4","history","Concept"
"2a1263af422dd80e7ec5e379cdb8f228aaf6fccbe2bc48ebb6873ab179d7d463","fix","Concept"
"ddafe3234680af2ea7ba37e97da1a9720b46a424826379a031c966b7d16fd00a","storage issue","Concept"
"15b3165703cd04718701531bfd91d398360f2f3d6692dc802852bf5f17d15cb1","validation","Concept"
"f11bb52f053ee59c73fb2816c1381ab355e34b99e53642275c44c3a04e5c6ea6","surge","Concept"
"d99609518ad30e05d60a7a8dc9a8460f650ad3c781477c8a2748a5ba05e13c18","committee","Concept"
"2b8a43a68e968930ac65319e3488617f5168df4a2b579149b722c6ef6afaaec9","正常","Concept"
"d7f41025891dd9435666bf14c5813aef8504b6d9874fd09a7333d9cda1141460","construction","Concept"
"d184fba6307a2681ff1863117721ba6cbd35fa6d51f1fc4adcebd8b18040f709","blocking","Concept"
"ec0eceb8b96f7c932d8fe31e6f46530502912100d4f2ce746bf3db1ad1014214","audit","Concept"
"0aac29675569393d37348e212c9c25fddb5088a780a5d854b42601eca66fd4ed","streamlining","Concept"
"e7f5ffe104ca28600ce50c703d1c0ef04e6ea888cdd0089e4ee7f9b8a4f16e12","handling","Concept"
"343f223ebbbda1891afea4767c87527cd826bf7530f2f4fbce96391e80aa7ff3","作业","Concept"
"462dd2328d5950d1c786c7157fd9812b1721665bd7c77bb68519fed903eb4bc3","barrier","Concept"
"3635dbbcbbc8e129f225fb3749dade22bb41d84b124d4a895dabbaacbfe1be13","log management","Concept"
"96951b1e466821fd274350aa98d4db16e06802cc4036d293f173308dcd2231d7","建议","Concept"
"b0b5df12e45d35862dc5b60978914806d9bfce9168bbd0c738e566550675af05","query","Concept"
"be1df78065efa482bbd3bdeb7eeaa050efaf8e491037fda62eac4f085671a64b","审核权","Concept"
"a7a9f500724bcca4dc359b4fa611c03985aebb80c2a71a31bb771a49ca9ccc88","commute","Concept"
"05a2940d88330ff8b337cae848cda130d764d2e74087a427d77f0f141511eef2","devices","Concept"
"ea7b5717ce000c67213b34720c6e7c56e20cb14fa9eb8d2f11db8ed89e73f4f9","disconnecting","Concept"
"1e0382f09f465fd3010cb74356c74566daaac6b4b8d11341ee0c2b1c368b3002","depreciation","Concept"
"521be9aae5f8b0449e2df15488bf8ab824f2feb52497d5940514f12d0b0812cd","reopening","Concept"
"c06537c9c50f0e568d1b8c01dbd58794eca24b4c88936b2225c3c61d41ca1789","feature","Concept"
"c94c9a28abba90ccb903eb14185d6a9c891e91382e9bfc1c8fb54a0bbd1cb1e7","outage","Concept"
"d35d4cb37c169b8145c6896d62577bed2faefb12f44bbb26aa9c5550a1de1f72","rules","Concept"
"0fd90a2b1c8843af19b9cad93e0bf5f6e10e760dcc1bc1762454a0560af66888","authorization","Concept"
"44eb7040aa32b7691faf013d0f09e9a72d06e18a52ff6be05749ef39c5d0bf3b","method","Concept"
"588ba0803187985e7d61f0651cc6c3004e37a7e5d178d0e3974b8de6feac79ff","检测合规","Concept"
"e2d58621d63783fef5e8bc500691e2a34dfd7e38e5197ac1fd6d94bac68d6c74","寄信","Concept"
"3204f82c08df0059b48f2f02163165048285a12e0130cb2818135659213a3482","reinitialization","Concept"
"d5f17add456a537d5a036528cf7f2d92621ab2b7410cfacfc3b9d819da51533c","services","Concept"
"6ee03e858d73dd4778be7f1f69416049db87288ce154d0d945548aed8cbb3e47","api access","Concept"
"f6482fdc13b92ad936912f3c6bd2def91b512996fbe6537327d8c55580161f49","bypass","Concept"
"c39f20efcab5faed3ab2ddd21cdba0c4d5a8b012404b6707d0d9f9f9b66a3b7e","resync","Concept"
"f9dcfa8b86caa58041ce56732f69f24de9f931022ee27cad7b41751e35937db5","rule","Concept"
"9aa3494810631e96a368fc13aa1a4bc75b8730fed76f55b5b23bd86c7a367bd1","object","Concept"
"5c09ec989dc6ffc4e8b9312228b7a4b42983cc1bfc422fe212ae91ad08b56b46","上升趋势","Concept"
"083a8565e1326d2accc8790004c22a338b7669521cd11c6cc842ba8ae2c722a8","balancing","Concept"
"6ac4424900695824bd665ab01032f6a0504f06cf2977aa64fce006ef5b8c8de2","section","Concept"
"26c288e85247e3a1827f44409792baeb813aaed87141432a31d077632d244cca","user management","Concept"
"ac5bef9554e5de2d788ccb46db9a3f0b900da7ee007748799f0a42a35035aa48","page","Concept"
"6cdb5bffbef8eeb4ad66af788e47e480a6beb095657972a4f2bb985909b903d9","member","Concept"
"6a3542bf793e08e9aa5171df70e69bfeada806945231f0347c9e4ee3f94875b7","housing","Concept"
"5c1ab3e88da9d1fec59eed5a1f6cf04faed6ef7bf3c4f04e1f9149dd4010e692","报告","Concept"
"3b80ed4de20b0c4843cecac8a9bad85ac3506ac898fce70298d60a1ff0ef555e","log_analysis","Concept"
"8f53a7d39bf63bab1b2bc9cf1855a37760376463c5378b1fb1df5c54e6bb6377","iteration","Concept"
"3e66f47b553ec2b14f383274c19cd68af3e694a7b42cb83a77c9610f9a5904f6","attempt","Concept"
"378a8d02a2e1657a926417a33f0f3898f6e21f3272b34c9998574c2802ecaa64","bit range","Concept"
"79439215fa6bf501ba86b238dc7d9f6a9df0f5b2e9183fe5d46e2b60431031e0","file size","Concept"
"caa24cf266093d51860e329cd7d2c6b83d3c34b93558822a776ef1e20a8d6219","root","Concept"
"d1d99ff499b649c218b3ad0cf340fc62121fbd7bdaba9464adb8fc137bab0f5d","action item","Concept"
"bf1fb5bc7e80cc51dd86f669e2e190ec3319b7754e94609ed7a671d6942a1f10","ssh","Concept"
"ac0878016b04f5c6f320248ec0cd6296422bcac08308417c300736c6b5a230dd","手动","Concept"
"5164cd098cc0eb61bcf601389eb9cdd33664110b19fbcdf78e8d17e0e23f1a53","link","Concept"
"37de2bcc725de0bc92e818093f2ff131af3b88ca8c2e19c4fe01580f9d7deb3e","recording","Concept"
"7a8f1574c1367019080938462bc0b41989beb4f2cffc827b5b3317118539d193","linux distribution","Concept"
"bdb488841b89da4453f790f6a80a72c6ef8f33a8ba484aa6cbc5693f1f946440","memory spike","Concept"
"4d88f785e00c1b9bacbe9da6bb95e3a6c5ac0256967aa8e2eb6a7676c2543fec","screening","Concept"
"af15fd27a1f42efc4a332084a70a0d8bc27efb6f4a3c9e69a5d546d44c242237","maintenance","Concept"
"2dee9438d8985973516cb2318cb4086ee73d3510c78f549faeddb0926d9ebca7","column","Concept"
"a72dc2b673684895ba219e47dde70c51933493caf7ce3bb4511b55f47417ac31","disk activity","Concept"
"422d33a8bb0c1742df7e3c173c9386a9aa84a802b459b0dc2eec9eefcfa08f70","隠蔽","Concept"
"58aeb4dbcafb2f4dfc2de11af895061bd59b0a08abd7491e79d0fe0c8d038b0f","exclusion","Concept"
"26e44ab148948d27fae8aba031ef339d3499a4f59c351ae5e49f7f6042478d50","geodata","Concept"
"726a254974b38b11b5d4c43acc12420cf31dae6c4ff9f386941a633ad6169042","mark","Concept"
"11c661bfece09149d6df4421c6facf1b25219a4b125502f1edab7e2f2c475d6b","storage-space-reduction","Concept"
"9a8eec554e033f234a999a01c938df1a3bb3de0aa86459b4b2c1323204e941e9","intelligence","Concept"
"9e90c6795650ab6b66bdfd44544aed0c54afb99c58b628d4f7990553368994dd","timing","Concept"
"41862da2b46d4645d2e9813ce412fa0bd6c2a12e7491586b1fa2d2062afb04dc","independence","Concept"
"8adc47bb7d5c4d1eab9a1438c8681817e16b12279296acb92d094d380de18ca9","time period","Concept"
"75fdb2818419ddee80af93c7e162d7c8eb4b7fd56daf74777d583c1788f6fcea","engineer","Concept"
"389c4cd806d3b571080373be44db04074f52c7cc003900b9cdb0c7853eedb240","analyzing","Concept"
"b3699483af9258b9091f2b6c48a66e236a291b0b102caecfa58f4309b12f739b","week","Concept"
"3a27c29e81b559b05368e9b9afe48807e7d2f8961c77f1d9c86e8e0bff22c523","head","Concept"
"7ecc9f4775d134725c7164c919cdef524ab6ed3d65a1e08a40dceb7c14b9ff56","search","Concept"
"aa2bc58d2f94c6ab03a06606c234abc426010447f36c5314aaed262c2f450b1a","dashboard","Concept"
"42e8498aa3c5e91b495f783963a8ad65e71365e35adefb017fd21a0c3fad7807","security issue","Concept"
"e031eca2bd9a3cad8bd0b29059dc022e02bfa76c54814e3ff52a77d5cbbd8fed","permissions","Concept"
"d16906d0682177e82b60db830025b85fd0e0c3f65a12485bbd3fbc680b9cfa46","hosts","Concept"
"83698d85e6122dd6b046021e2d6301e77bd482433804350d2b8784fd2b213344","criticality","Concept"
"dec14bec5369301afc1c62f823b5571977b8fbe94ae23b012d18be20fac07e61","日期","Concept"
"c96ce5b001203d336a3c9089d5c4be0ac7e2fa047a703b51b0976fbbb2c814e3","protocol","Concept"
"e33f6e1fec14e770f57a744d6818b30cf227fc33337ae4d102d3c258fe39d22d","layer","Concept"
"6e7c5f58b73916882435fe2abf2e022020c953094476caec9dac80e129ca05b6","平均","Concept"
"41b8928812b96d05caf7eb1027ff6ee9277899e3f38739dcf90a1afd81f65497","defect","Concept"
"be407ff4831912e311f9307d2e8a4e9dcf8b1536630ee85bab3fb876728a7e24","policy","Concept"
"bc72c97fde7350607ad2a83a59e0cb27a183bd9ac699632777df0201fd60e7ea","host","Concept"
"00ac04aa45ebca8ac0ca3d346b16c79bec24a76966a03d5d4798ea37a96de387","protection","Concept"
"972affb50b73af2c6f0e355eabf0d3b0bdbb29d79b5a6f5e7059cca0003b5591","business","Concept"
"576202f7b9586e33f6506fbcabb18ae61a909d3f778d29691b190027aa238f8a","审核","Concept"
"f438977ae24c93f202c1aacf71cfda1a5cc55e850f0d6b787d25102937d61479","percentage","Concept"
"d42bcc745df6f9cd3d8b68ac6912199af1b3017b3728eff27fb5cb87c060839f","培训","Concept"
"ff6f9ac03e8ee3ab3591bb62f998a8265979ac1242951c3dc548feeb9f035d63","机器","Concept"
"581728741ac9405c0840086db40703a7318d985e9ff6ce59437426e5ae3bb21e","investment","Concept"
"f21b8bf7cbf142db5b83af45dec58cdc7c3f3b17d5ef30c33b39cb3f7c931be3","information","Concept"
"6c623659a41d037cdb0c8ba3d003c4450ef547dec59f9b0f11a32efa1897aebf","ip_address","Concept"
"12cdf9606574406b4100501784f432ca255173ef1f10325f308ba4382d60d539","analysis","Concept"
"0e23f952c89b72e9f676d581d66f7533543feabd5ebbbb3cf395590c959791e1","discovery","Concept"
"a54e9af3702589e2ac12b63109be4a510c274a2c5f95e639a650926d70344364","response","Concept"
"056a3942d6472537804800f735d0dd0f8cdbedc710425fa93fcc663ca2a2d83c","原因","Concept"
"c2914c44488a8d8bfca51e76c354b7cbcb2e42d41ae8aebe6ccc4f22bbb5791a","logfiles","Concept"
"2bb0ff22f0dd08d49e8efb3c0b727188b286df8290ef686f3f34f56b2b8076a2","agenda","Concept"
"81b0d7dad2aa7b959555fb29b3ca596c3a7b4b917ed020ba86bbb13b425493d0","movement","Concept"
"904205e01016b681da18e20e260f979cf3d8d02dece075b15dd813d821d878f6","automation","Concept"
"0b8a4c231151d88314ffbe545d32296de97cad46e92bb2410e00904da6da9750","主机","Concept"
"130711a1054d5953ea8968b914418ebf50f8cb0118d0ec066cb104b2bfb1effe","placement","Concept"
"d09f600dc8399a1db90a0eb88e740308eb880a83b257d2c066a047238667bbd5","admin","Concept"
"30c45a57e8741f0fd1f3cf1d844551f59c222406069d942207e3abe706887da6","恢复","Concept"
"881db0867adbcd94061c959184d7cbbaddde36eacc85daaaa620a65a5aad9b2b","要务","Concept"
"982cc6866de55546deff0dc64ab76285d4b8412fefba09aba364877c3e161856","duration","Concept"
"b5f5ff68af3949ba441b878d8e6c17728bb87de8de379987d0c8cd7d5c96fcfa","accommodation","Concept"
"7c4c46234a0794aeed7858a77e90b3648eff198437306f5b730de42606a45e7e","individual","Concept"
"5d05c1501b43916622d629927ad19146584d4a15258d63245c4e7d3254afc540","时间管理","Concept"
"019fde66563e4bf8bbf85308a3b6282dcbe85c90d5077cb9ae80b221454ecf7c","inactive","Concept"
"f85b5d9a35c23892a7ca45cdff353baf28a7d97cae3a57dc8473786a76f83a5a","system","Concept"
"c9a8e50ea2c16daf12a471328a4ab55b30747eb8a663aaa17b82cf7dfd648c96","结案","Concept"
"55f782e0868b863931b2f15b8467a4755536201368ce109531f78561e6b0ffd8","shipment","Concept"
"4fe34f3aabcdf34a498b067215736ca86a9e230ab34b2ced2f2ead908ceb9699","connection","Concept"
"24b2deb80a6ff099bd097370a66197ce1baa6d2918f728b615a7e3b9b4d35936","时间安排","Concept"
"7f870acb9984685aeeecf10abb8ad7fd8f58cd72e316293ffce7eea91f213f94","part","Concept"
"37507fa27677ae15c943fbbced0af41cf26a379e54a5b3c19063aafa0f57e6d7","receiving","Concept"
"ee096278c8ee373bf8937d2632e79c61786ae7363b64976664d7a50bd62ff9b1","data gathering","Concept"
"04dfd4ed0432b67ed49e6f0099a714d50113a085bd325b95562899d8caab1ee1","line","Concept"
"50b797d0f544bbd655456854362e8e920c72e2359fa03c1005efee9cbe7702c4","check","Concept"
"224c540118f34355550f8ce2f41be6cae5bfff0a6ff61429e7ec994886641a27","deployment","Concept"
"7f3b38f75d33176815930c332b94b61f52501e1928725ea72022387b3f6a1c39","correcting","Concept"
"7bbe9da64eafe9e1e9b9350fdcb7004887e2c80474fd03aa1468b1103e8424f7","tool","Concept"
"6cc652d8cf6c11c1befa5a9193ba4c55ac1b93449afec072e74aa431ba930f7b","spreadsheet","Concept"
"ffac786f4fc6156fc7a9c6a21b61ee14ca8e9500d95e2cba1d39170716ca00a6","diskusage","Concept"
"e9c7abdc3d151f193ffe3ac6949f1f992cf5f7172bac618e238783c6c30ddf06","webpage","Concept"
"0e9ab09fa238d65a9a6aec1c95f57244bdddddebd3c933061e55e67c2bc2c096","accumulation","Concept"
"2e92730309058b38301ab32fc5e8d7909542b31deef61ecdae8722562a2d8437","observation","Concept"
"4edca3bd878f675f353811884846fa4fddb7a78d1a55b5908ed9fd6796b371ef","驻点","Concept"
"3506f7036b5f7e600d7d073353b343ae6dbf574b73b14b15cac847c9e2ea9357","alerting","Concept"
"9c1d549b9f9611b89677598b06bc96a50a28dca8457b0f28ae3dbffeea5e30f9","card","Concept"
"92323cc49e630c74c307baaa0f653fc886a99f96e2987a9e1a85cdc9a7698de0","restart","Concept"
"0b893e18cf48e39da90f7fee252f03ba3cb0a7466318380a8ff30addbc78ab57","allocation","Concept"
"1634c22b5d8012bb46d7a4bb98ee17c38b452746abda06b00f24dece99521ae9","token","Concept"
"31147fd8dbdcc7506447f8dbab613ff512a794ea1d4197aad72df27ae325c986","hosting","Concept"
"d3990b0cac63a80a2ce175db7ab92017723d90d509a5e799caa56600260bbf53","prioritizing","Concept"
"5a93b535c1618ce0a2ea39b4789e69d426648f7303a594306dd6aa5fc1853146","removal","Concept"
"46c3207f87220d3919f4ec3d613319bfbf6f8f0fe8a5b4edfa1b724a629c0659","delivery","Concept"
"1ba7044ab3d0ffe80ee8b4085b6eef458b46f6b58e57f035f28bd18106966887","space management","Concept"
"4b501c0a9156509deb0dc632818698d6f7b180e8394c7f23d8e181f89afc9e39","processor","Concept"
"2c97961864f416052a73c4d4427f2da5f4c4452f7db91f876c977bcd46fd58ce","present","Concept"
"8680065f0055cbeeffdb535fcf83fc8ab18334248fa4693f799dd91ccc9e545d","migration","Concept"
"08dd39272af8810de920227e81de0bc7d5393bc91aa6f3130b043a929cbb7bcd","搜集","Concept"
"6d7c02f2cf9bc544f4dea84dbc1f78701652e250b395df16bb459e7d035fe7d8","penetration","Concept"
"adcda066b21fc611c8be3d6e53567a726197c5cc9ac40b07b11f3b03c05b4d09","technical","Concept"
"68443b7957e2babd69ca53157eafa951ae4eb688dc413963f9318d5ab3276290","technician","Concept"
"1e4bc7d43e799a86cbc2ee4128c5c2c2797664d4d76def6bbb4ea390f70597cf","assistance","Concept"
"e7a48ca95e5fd17666df94f05b2a3727f8ea136dd9e4c2edb883ef62f40bb665","utilization","Concept"
"3cbf9287ffb616f752da40c9b38bdbe42248362f6c775be4c38beac503d09f38","increment","Concept"
"b96f6d9d615ade529822d2354a12d6515867373ae5670f0fd4f708cfd998c9d2","dns","Concept"
"e51617c4d937303ef7f6aad5f7b68f03d747067536207cc7eb2b3ded47ccfb71","event","Concept"
"79158635c95cfedb8b74c1332a7258360fb43264ddd245c3f51d5b483d97f090","权限调整","Concept"
"10f1e7dfa4cf05a74e6ec27fa4309fc1bb64195497fefcb3b2ff40403b17320a","abnormality","Concept"
"7521fc50baeb2fd01ed191698549395ccacd9534cab785173f6415a678a483c1","production","Concept"
"57adf7cfac040d2e5bfc0530cf8aed7369cf3f035dd22a703fe99f6831c922f6","cpu usage","Concept"
"1146f3b323970dfad4b1f2f65b1b2a7a4d52199f1c3a582b01b6659de504aa57","today","Concept"
"bd3b60a22df0715336e687390ae830f94def9d1286fbbc0ecaabe48624937fdf","function","Concept"
"88627b2b9ed238e6beaaec2c9b59bd7df28b126436925a5bcfd8e02950709d6a","disposition","Concept"
"ded26cbc658da287967af4631f4ebe8d76aef125db42a4da2205cb2e64256db3","locate","Concept"
"dcbcf433ca5ddcf14c121e6948b56c4d33cf97ca123e958f433de9d451473059","提醒","Concept"
"c3793cdae5e30eb194e1021463dae645578abb6474379ea252911b23e3617d1f","保养","Concept"
"08e948125e2418bb8a4a782a4b3b7359e84a49b100ebbacddb722c8b131c880d","procedure","Concept"
"839c7ac361ce4bf6a0b014364583ebcf2cae536de615b6361b998a3dceba5b8c","filtration","Concept"
"f40d2ba40494c39d90e673688bbd1c5242ab60ccd87288cc180d5cad489844d9","time","Concept"
"d45020de443d3a3dcd17f21ce87122ffdd0003f48f97a837e997db05d6755718","increase","Concept"
"b35e8d561db50ebd61b37db34a0a22c3331de59173abe80ea8d5290184920227","modification","Concept"
"d1726146484d9c07aac1bbca034130219c5c35567b972340491f2ba94a9a3ab7","state","Concept"
"2065739d7ec99505810f309682781e04ec610840fd7ef77824d257f79e40ff38","request","Concept"
"12700c5656832b1281333c5dc35dc7d070632b8bf9979aae984b6f5cc5a2e427","element","Concept"
"853a8646c73ecde294e61ee4e8ab3fb62675200d540ec79bfbc18387f14b1069","description","Concept"
"67813cefc602bb67a4936fa670120c1ff4c15f64b5a533e6137b16ac959f5090","checkpoints","Concept"
"9b411c4da512a148e16152665e49eb7044c7bd8768219acaa621a0fe8639fb5d","list","Concept"
"cd2d2f380f0bb8bb00bac4d936717ed5d88971fa9a0e3ff350e9b1ed8170baef","bug","Concept"
"7f5e3d70fafb089e1b89aa8d1d8271e74c07d330902c97eb7eeebdaab7f1e3b9","bug fixing","Concept"
"af585d6e93e690fcd36dc522fa428ef2f21d27f000252aa3c03fe34e2fd17e8d","workitem","Concept"
"ac324ee0ba535e9589a9ed9d89842bfa2e46dcf19cb139e81d6b3355d0a14699","diagnosis","Concept"
"d7e1f6e96ee73bb2bfff6b3737cab3c293dbc7e90e1c55d2ca734025725cfc4e","halted","Concept"
"46940d4349edcc518c104cb38fda94d43926199b33418f22a96ce89dacda0707","functioning","Concept"
"bc2ddbf3ced2c4aef75f580f47b16e68f898d1502fa28558f8b38f1fbe291d98","服务器","Concept"
"93cbaf4cff64d0cce9569d63408e66f12060166faa225ef75e587bfd988ca963","capability","Concept"
"cd77e334a4a44e787384bbd44f13502adf896ae132ac1ddd26367bb1f6fed8ee","数据丢失","Concept"
"e269ca18b163e7d4bb0dc967eb242e0121ec12a95aad9de23570568d633f4ba0","staying","Concept"
"cc2016939e524c79414cc3dbccd9c561c53a2628b688017303690a535fa48d78","matching","Concept"
"b1a36c404a8492e4b7b99b08a98f2271ad8367eb5a4e76a65d311f02dadf6259","running","Concept"
"ecd4a5995bbbe3fe57891602886d206bcb08887367ca340f9f2843fdf5ef127a","monitoring","Concept"
"dcc0060a95a562b7d2ea814d4c8e0c608595a3587190e7912e794c29c87cfda3","administration","Concept"
"147a2d4e5706a8a055deb26187316cdc220cc2faffc95a8e08842d17d2f0b999","year","Concept"
"b52d63adf269a8e65d48521dc3fa3b1470997905d8c82435e73d77d3c3694b3c","path","Concept"
"cc2459a768fed8b7225f438ccfe6e10813e81befaf57e236a2a48a282313ce57","institution","Concept"
"b1cf8233d658cfab1bb46e0e81c593d0377de42583a9cbad70facd92906e7ec6","adjustments","Concept"
"aad8bc40ef6ea49d7d5be354577967ed531d937c80941714dae7e1678e0a6b02","time slot","Concept"
"cc002a521aef41501d6ba22cdc99a9050832ea6f19e164c9033178d34f0d8eaa","performance issue","Concept"
"c54c2ee82cde9c9f92ec34e6348d1591893ce6eb9e4ec19cd89b89cd7a1ea283","vacation","Concept"
"d0909429614582e1e74409692c4e34c326ac4956e840808f96c7760338aead3e","disk","Concept"
"14bda5592f7c75af7a4769df34bdc580d0ee7391e3223d47a4d6227e458dece0","to-do","Concept"
"6c5d0db8c6826ec3d01cf7729d58ca65ccbebaa44bd0c56871383132c266c092","rate","Concept"
"2fdbefefcb1518f4485367ba6b9f9dbf72c65acea2df42fe750f50121b6f0839","expert","Concept"
"57c329b8a66075c998f5dd3cd73ba9c6985d1461287376d20b375f02a907ae02","license","Concept"
"ca1ee334b740a0760d5dc76a9eab4c85fbd475add7f6bd1a775c56e7d1377ce5","maintaining","Concept"
"6d84b7789c3cb7c4432130d64a7fa9e6abb20fe5a2b5dd837679a81f42a7ee7d","malware","Concept"
"22df1ce6491b5879627469e4976b0740b085976b49a50b4069803f18ca43589e","completion","Concept"
"9163193398ad78675b6d7a20f05a5775b2764c10f365b33b69c3760cb9d89930","transaction","Concept"
"f7fd83250c62d08ba84df7ccafe0332e799beee07ac828697231ab5744ee65e8","寻找","Concept"
"a03e887c567b45d6907850b5ef1cf8b8505fc0699a51615f4c1ea83aeed48f5d","import","Concept"
"12ef9ec6cb6c804c08749c70ba7f60622bdf4bddf4d32d529e3dff29ebc00f4c","self","Concept"
"c551755019bab9053f5fbc214ded133917b761dddd299de582907283ba951896","backlog","Concept"
"0e9f67584191cd21392f6559c25b8b3116552337b03ddad0c30b70ff12d80e6d","wealth","Concept"
"ebb8a29b6c49398767e9e10e05b49b98f1cc096fdc221228d3b4cd6319cf4c23","logging","Concept"
"b8aa2f3b1bc82069630b3296447bf8f4aee5e80d5931fe016e42b4d2fce847fa","certificate","Concept"
"5f6fba3ecf462de89fba425c70d470b1bc1fd08e012c71b9ad152c499cfe4a52","event classification","Concept"
"939bd98f3f8697bf9fa8276ab43ffe30c7b5666ac1da3e0b773d106cc90a76fe","告警优化","Concept"
"e5667a107ad8db1473c9a76aa3702799b34f8607a0f0b94b1f77909546765889","holding","Concept"
"2d330678745269d5416e96bb62dc3554e0398b63fbb91c140eb34c950409918e","assessment","Concept"
"230969f9b2cdb65fe79d370e023c710c40c7e34b322c37be5dd88f59b0e67512","load","Concept"
"eca701749412bb901d2af12147175ae9355964d5dc21625d3040040e5839d98a","gas","Concept"
"60ade1e9e78333ec447a3299b7265ae17126e73ecf71a4357ab064551cc9ddd3","同步问题","Concept"
"d83fdd35f511c9b43809e302235a81efb836766a0204d4d25efa7ef44d5a3b14","assurance","Concept"
"a6cd4ebcc2420fed3c4e2b45c8583de4e45d77f1f0bf09b9cf1f925123c0a3e0","month","Concept"
"0899c2833b14d232503a9b3e2e58fca34a5e3bae77cbbb420a99cd2e23163d0f","interaction","Concept"
"6b6aef9e3737a62869b5f839d3d89872845547f9dfb6e5356b1e1b3462b52be7","participation","Concept"
"0704504bcc6c1cea127955ee8e2b4747c87483775b7c3079143a9ab1ff27aaea","occasion","Concept"
"4b442322965a42daeb579851cf49168acf2ef1bc636e25a64be8cad9d2a89296","reason","Concept"
"871b9ac59e33e236734ced9de73c625df9d0221471fb6ab72e61073e82d157cb","状况","Concept"
"ed48e632edef04900598e1aa74a55eb6efdaa47f4fb7083e985afc83daa76c94","subscription","Concept"
"8bf5076e631e7a14506bc1375b93113570522dd0395103f758b3bb1437a92de9","truncation","Concept"
"17da04534e8f63b64ad9f484b38d2a9cd9bc8a6c8e90bd78957c999c6370bff1","report","Concept"
"bd279091c8951eb2736d7d3b0730446b5675a2312bedc026bd3878c915d185a8","沟通","Concept"
"5314355f73167f160463952eddb6543003984c71416d4b6d14a735c863bf85d6","trading","Concept"
"e9f99bd88ba19a3af07e2250334625e31981a078f87040334b3d8ddc4f5ca374","whitelisting","Concept"
"2f2f46c4f290cd73e8ad4141b7307563272e6b3f7192cf60e834f103077d0445","updating","Concept"
"8ed04ed41a85892fc57934808724c9f05a580fa6bec690050c230fec35166396","notification","Concept"
"8afd1155aa16224561ddacbd54bb7f0355380b1f59839574eef0e072caf594f5","ip地址申请","Concept"
"47fc63a4daac3bc7616cc35bc727d5d6125359367468616bf472903a8ff9a1c5","support","Concept"
"68d2145843ed145a684d83a736949ffa86b5fec9ed9fcd616131a76a5aac7403","deadline","Concept"
"218541f1fb3dad34f7e98f547e25ab36cd0a78e1f171f3a768012ad7ecf728ab","定期维护","Concept"
"64704a8008e16b8fcd34dade48159e4a08917b0cf886d281337bbbdbe7788048","repair","Concept"
"041d4bfe33798679eaefc02c2f5108d00f42d1bf7944863eacb2403db910b4ea","使用","Concept"
"0f1e93e5393171eb4db858c86fdfc7fdbd878e69815f0f2cdda67d69cb2e17eb","health","Concept"
"35c22fff92757be533dae86489c14bacf66ffb14b5dc3a7b28ffbf873886967d","national holiday","Concept"
"7077cb98de970608eeefa37967b19e723791eaf39609ff0c4253e290d29f16a8","privileges","Concept"
"eb4c79ed36873234849728218f65ca042830b57e4450746b6974363da616573a","更新","Concept"
"958f7a39200d87acaa93893a9f852009e82faee303700f1f6e7af9f33f7ca02e","sharing","Concept"
"01dcf49618dc59eef74a5ac642d5e531cdc0f474742b241d4ded1a391ac16606","renewal","Concept"
"b9fab1307b071f1ff708c10739dc7dc9c0b5e0e55516f9d4397fc860da778420","removing","Concept"
"2845511f4666523dd089bccb92e97d4508a44d0a3d9c603a384d5ee05d034981","问题","Concept"
"bf9aa2e38dc67949ad3b9a4948e12dc06aca74f5ef9f9066cf6f4ea87d36724e","(status","Concept"
"cb37b38827f88aa20d96f5324ce5d206cd6740e4c4f0a17bc97626b41c795be6","proportion","Concept"
"d9c029389d68871a98098d7c6c9526c5891fb99f715a113a7b7d102f173c3fa0","bundle","Concept"
"6a279d0082e2d80161dc181c86422d532b685e29a8dfadbe42d9beae77d5d13f","body","Concept"
"37427e68733d7ea87fdc752b525c4b6aaae9189f8e54a498586f5f6a32027165","remote","Concept"
"7d0b88d086d162516af00e0517c94438e0abdc5c08dd7161cd60a139045beee3","spaceutilization","Concept"
"3143651061170cbd8df1dd9fa2a48b7e91f70a3d7d5cfb3561170c6508ff9508","selfhood","Concept"
"e8b6a62cd69dc578a13ece9eed886232584699285d2a901fde74841fac1f0a0d","指导","Concept"
"7c103002a985208c8a178fbcdcc918f694785a045094e611b72c7f88fadbdfb9","network analysis","Concept"
"3196d6a8db1f27d7e40c9f5b374cd27810a1c5db980c13f0c3f1380fca69d11a","审查","Concept"
"fd22906f2be430162615adc2a3514846a16cd16be24664a4842242c469b9d01e","bank","Concept"
"498df2ecae86fcf91cd7c466074c7b4fef05a86b6845bdedb81253dc6a596f1b","troubleshooting","Concept"
"9325fd5da4a44513848881a53e31ccce532dc82cca7a5d6226eaf22a4ecd1419","environment","Concept"
"4571faab4338f717501abab5c86b6ffd73a9e1f665840a342d58e8dbdeb2ac95","process","Concept"
"3c799207aeaecf947c66f2e407f2cccaa5c83170a4f667b906a01ba4b89d8cf8","条件","Concept"
"bda5241e4d362a44dbc90078fb399c8dd4fa5fdddc38086eb0d594331b94ce7b","submission","Concept"
"72d522a4a18fb3e86d35d6b5c1ee78d3b70e1f1e16ca2613fd448a783c2830f2","restoration","Concept"
"a5f43f2cde6479130ad4828dc56e1412c840be7d957070b7a9e08002fb7a3780","department","Concept"
"6dbe7b7ffce30c5427a150a9a6763a6d56bfcafcbb6628ac0645dc48426f4069","spike","Concept"
"912d893f3ae1547a25d06b2c256ee2f9532ea25538f36bb5bda620be8c021dc9","reporting","Concept"
"270e2bdf83dd02f02fbe4f47d1c0dfb0cd44e917e67718821c91bbbefb364ab3","normality","Concept"
"c05bf315abdd527b113e402f4524ef519c95714e1e653f0e9b297be6c96556d7","tasks","Concept"
"00fcab9361022a9ed7a9e44d25b2250131a05c056918bed678fc0d9c42f7b9b5","file","Concept"
"ee5238a6390e02fac6eff7dca5a23420e945b2e9008d6c264b911718cc3063aa","scan","Concept"
"7d3382a4999d702ef57c0d31b96afc55e9c1237e6e08848f0678e553487ae4e7","setup","Concept"
"a74dc9ad74fe3bb41f9135e8df9d9c80b6a26f14ee17d0e2d51b16a625306ffb","scaling","Concept"
"bc28af89fb4178d80fbde46d8dfdd8c4578499dc42a4dec9de808dd96382e8c4","currenttime","Concept"
"62e001b5d5592c87ecdc782a68388a669c20f53593d597c775bee03f1e492f2d","shutdown","Concept"
"65466f692605ba8602699e7ffb771e5bff7f137973f04f445bc08e3d510ca1a2","routine","Concept"
"2c17fcc8a1893f7f0bfca8b31419448afbef2dfe4b39f8da662bd4bee78adb69","rise","Concept"
"518793464c9334d6da4f75b682258e727f692c5f9e5f63208988cb59130f0375","demand","Concept"
"06460f383ef0d9a89e21442ad65a40ff9795cc2ef316ebe4958b4516e5ff684c","transfer","Concept"
"296a3c8cf6b9572787de8d98aba220e313e1de8bcc4dd7fbe236c998bea2702c","stopping","Concept"
"191d9fa1f24af908f5954e52e063cbf000f7630c2fdfdbad7417f8ae03b02e96","customer","Concept"
"3cee4f3337538b8ee01b5917b813bb605b2ba053f511a8123d34aad3ca3d7eb4","datetime","Concept"
"2f4ae6e05188f7f1130a840ce643566df139cad8f853596c1c1159bdcb5d4b24","online","Concept"
"2e7a7570a2870f9dc04e108635b208cf5e77f8219273e48e7dcde9b10301ff8c","data transmission","Concept"
"57c5d20d6f22803fe31e978be4c64e1a32c93ac4b1168a96f59d25ea02d5982f","full queue","Concept"
"6cffce8e22f4f081365768ceb83c6e0adfa99a243a0343f2dc51140e152139d6","group","Concept"
"ca7c9b6ce51a5ec73ffef61136225355dc0d8f257904b51394b75ffd13375ff8","isolating","Concept"
"d25335a6779502e09510acf9d6c608b22de32901e32ec4d149f82f24ef7fdd07","任务","Concept"
"e1570abbf8ae7a0e7761be1ee9df7e697d2f4c0998f0bed5e6e5048c46974852","software","Concept"
"be23cd3ec3767aef9b72d9cde963fc4a615d84d93aba9ea45948edb09126c297","content","Concept"
"7ef8826844702a9a14310ca37c04c8e57b6284a72b2d507b236e121f74d8dfbc","dataynchronization","Concept"
"ce41e8ef5b71112a583a2d690c99e75f892846b9bd69f4231dfffa5ccc1e8d89","处置","Concept"
"3f6959ca839ca2505ea6f9d179eecdcce7a72d74d8d889253d2120933fbf6421","统计","Concept"
"3e65bb29371a345542c5fea7854f853ea5eff8924220711f7772ed39be1511d2","schedule","Concept"
"0d1b30219cb5a44baa464a6f0fcb83bacfdd8b4498eda2c254799e6d2a20b3cb","processing","Concept"
"69bb07e27736217eb267fadff891e833b2f61a59601d9c55028f884df759249b","network","Concept"
"ddf00e84fa156e7c394f35f0002ece4d74601cb981e747d1f34c37f05a2ac8ac","onsite","Concept"
"ce2ff472b8525731686f699ede2c3ba1bdc08336a2ce26ef90ebd47de1c3346d","partner","Concept"
"0ac7f16ba3149cb309c5e9d9f04022c2713f9d5a5d27225d7b3c2af1dba3a3b1","programming","Concept"
"a8f75ad20412b020208e78110a0905db373dca4b2584aeb2b430ef961b41358f","missing equipment","Concept"
"b4b3d07a98163f139ce356c060f4eab8f1fce1199ed7bc1ee1381c94668b4221","addressing","Concept"
"58adcf18b8a38806f0c455ded41656f77b37932f3a1dee681184437e70d49191","account","Concept"
"da7de9473012b6d7b993222683fcb51c7b2c8e705f7a94e3b067cb475260718c","agreement","Concept"
"f2fc9b44617c427cbdebc5bcd917a3b5c4b92e5fa29c489220ca6d0739e29249","evaluation","Concept"
"b4a0f6f51f79d33accbf73a016511319c2bacc3ad8e32bfbe69a850a3fd2771d","user_role","Concept"
"872b67d8d9fc21dee7c816f8e5fe5eda8e6e621fabca30e1796243dc2a0c0e22","program","Concept"
"7ce08964d88f37cea7f5604099566ffcb7365a9aed5f3ffddc29e24f789056bf","collaboration","Concept"
"1f3837cf4b33e3726bcefe2ab7a137faf33398ecc8893c56c77fe5d0613204b8","sase","Concept"
"aa727c1f37b745577db806615b95242021334e30140827a19cbfc12d59526f70","bottom level","Concept"
"d7631e0d2c3edd30cd96ad5afab95c2ab16852aa5bd2319b357df18706cd4c17","documenting","Concept"
"1bb86acddceb219cb43f36678146a88803cf0d51550daf525e18ee08196508a0","audittrail","Concept"
"64453fa29010141cbf71b55406d268a7cd220ae7db2e01b1781eedb7e9c1d33c","data issue","Concept"
"67d272b31ef0ac1527123cfd812fdf998a028c8591b037a8c62260d5abd6df51","isolation","Concept"
"a1d8577c62823e4eeff1e32c8e1728eec5cfbe81526fd78e053eb9f2cb4f74e9","component","Concept"
"acd2a4a2ebb2622c9338a70f7d477b3f8b1a35b2aa9b67eea8a54a334b25355a","duty","Concept"
"7d2aac8fb72cd51a5596c3adebec0225d54d0e887115d0634240e0123ed41b54","command","Concept"
"242eaec9fb8bf3971e7f0caa43cf424529d4b58912ca48e50dce9f865fe71f96","flaw","Concept"
"83b7f78fb760b8f28cb3fc736f2f24aa1ffcab9df8d3b8475280f02ca092f0e0","geography","Concept"
"0e6c3f68b078d3c78ddf0a678dfe22a8605f92b51429861faa2bfec205e63e92","checkup","Concept"
"4ffe1390b30b53a08347cc9ba8dc3e440a70c68930d7c2f9fa6cd61a92ce6e46","unresolved","Concept"
"27175dfaf558fc3f8f6787e28667b0368b210f64532e51c52cbb3da2955422c1","geodb","Concept"
"507971c5d18b9f5a8acd544d4422f0c30bf00947e5f5f8f904d2883e8c215e18","backup","Concept"
"7e8c52da267799d4fba33e18b1de67456dec35fca1b08428ab9663ea9796b5af","hardware","Concept"
"ca7f8179ccbb115dfed69f0553a872b6a8912e814c6b095af7a2f2c216539e17","improvement","Concept"
"9b53e4df40fb591c137760cf1bbd04ec31064636694a6d748f6e3c63755c93f8","exploit","Concept"
"3aef5e8cb218cd8149d031dd5f0e72352d880c0c620f95bc390600f8d3ee9932","authority","Concept"
"d120eda9be7f0b27fe14e31d23005ba6e1e3d33fa1fb0b513935070475a541d7","alert","Concept"
"117445d535fba768094091aa34514304f539f5927c3e275e5bfbeaf0ea79111c","quality","Concept"
"703123ef81204d554bad89571733095804ac7243388027c50cee266157f18e4b","authentication","Concept"
"94768ed35cd581ba2465472a88f0a03da1e6918545eabd57741b9b3cff6cf90b","restarting","Concept"
"8e316522caeb45f193520661fa1c48c35da309f46a589367aac85ea874bf3180","separation","Concept"
"f7cad1537f102c5f608646d74c96d9722c34871efc301cd63dad8dfbd11b5487","preparation","Concept"
"c82e9b7d6123e89d88be2c1398181d5a9902cadf9f7ba4ddd7ca7b5cbb2a5ddc","成功","Concept"
"6431d3ba1f2f28f8094968ded2000aa7a3f0f0c24ba995445372420d0376ca80","rotation","Concept"
"8bf8ebd08c7079e3f9411f485380286eca4dfae51000d5321519b5ad29fd6417","保障","Concept"
"e4bd5601ab024ee3804e89681d5466167dbbade0f3bd0db8441eead63ae6c557","api","Concept"
"6122bebf1150917274302fa278b297fdde9a0797b0e5cb514cb070ddf45e6550","robust","Concept"
"da67d59d2bcd17a5f1d11293e51917c3fc017921bdd39a0d0d7920114ab1407f","ongoing","Concept"
"2935ae2a2cac3f2f72ed011f4fa6e7841dc98cfe724382a63b82c714d54997ed","message","Concept"
"979aeeba556e058882231c6acece9b1bcd9dd1030514247e1fd62062a9100fc9","data-cleanup","Concept"
"6c818e32b47a2ee55564010546776b1e2dc94f7217d3d05c0958ffcfcaf7c0ad","修复","Concept"
"7e83240809dc384c53772207b0961285f4a9699867c51eb673ffd242ad91212a","archiving","Concept"
"c8f4b933fb0dca222d0c4f5964e0d56337957182ba06636b17f1141391241519","updater","Concept"
"8e131eb9e248d94ee203ddd4ca2d0613822c1c94dd1ea483b7fe0f948fc476ea","hour","Concept"
"e0db6aabf3e9e80747ecb283b09329de39d6839d64e67b60c806e963544178ce","framework","Concept"
"c475ac344b1efbfbe281800236c017cef4a717f22bb818c4f825eb2528e50cf3","server","Concept"
"3c329ff77b0a72a4a4b1663e35ce7a25b2dd5f55a2f78227698d161dace5e265","sustainability","Concept"
"8ff9b3dce7567dc12ae94f3b115279e93efd705370a45b030e9268580e71639d","assault","Concept"
"3e804b42c06bc8ad22095933e721c07747be8ed6d3f3d80160ca4d304b0e27b1","farewell","Concept"
"35f29ffe8ec166abd81a3253bf277587afedf2e3d9d4967bd59c86f8f4399690","pathway","Concept"
"774ea1f02ebdbea3d8e825b393a25f7e225902c905e9666a8b87f81b3c0844aa","statement","Concept"
"9dfc578f209a82d910eacf2d8644d80120f938b6bf2f2e34d97f7c6405dfff94","remediation","Concept"
"aab0424ae358aa9688bac6a373559c49582013288daa4fdcdad10e6b69f8dc1c","quantity","Concept"
"2dddbd1b0b78f0ff4aaa7947cc5a7575f5b6be000c96d16a7e34e567c68a645b","补充","Concept"
"622ee7edbd215f360ede2f86175e98732bbc7a01e3f6c5ebc643c1de0819e7da","assignment","Concept"
"501dc228bdb21858fdc90a52cb8dc2308ad03882faf3f23b148b250983d33476","离开准备","Concept"
"a601a17f56113c1fedfc25c67acf4ee3f9786f24f3783695942f6ac9d560d7fe","holiday","Concept"
"824a11ede1751b691fa5c4500347c4967644d2286c03e9a40a46fc90db4af948","data 수집","Concept"
"8dca6b21b658b11655daefabfef1f388b77be0e1b66427da90d9bdcfd07810e1","weaknesses","Concept"
"ee3a963016e2d0e8828843fedfa835977b4fdb78a57562b4c01a0ea9241b33b4","data conflict","Concept"
"5ed1b86aa8065d19081b1b20cf00a01735d32d0f142b3ba82bcf12a5fcf25aad","cleanup","Concept"
"faee1441961e7b7ddbdd4cce72e3b6e9f5d76d01eee5c52aa8ffbf44f67cae34","asset","Concept"
"9db290fa1bfd4ea91ea41a0f3258a3ca3ede09f48e17aee3a768519e7e1f3eb3","portal","Concept"
"cba054b2f773e54cc38f095a0a3a2d7737acc01e524521d944a0ed349443847b","webaddress","Concept"
"0a0af7dd835d6985a85ff26a1876ed4becb05a2ad5e799fba58675b676f8b177","底層","Concept"
"c3da0f96b9f13f261905e30f99dbfcae0bb422fed4e072cbf627ca2fc5730773","reorganization","Concept"
"1b560b5650cce6da572f4e96c1ff283ddd8a5102e471282ee7e4b83e624020fb","时段安排","Concept"
"e5b6030ecf479cbbba6eedbcf0af30b37301766fe969f7da2d1b8f44a69d10fc","alarms","Concept"
"6f924a4364c8f9c85fb42cc76364af837ec08f97f6b7a7b0143220af943e9611","agency","Concept"
"6651a9f883fec5314e619d10929cec8cf21d563f2804f1c0a59d4daf1fe5a314","knowledge","Concept"
"2f55bcdc90d655ca679752faabcf9a063b807bbad3bdbd922194ea8d089cdf28","malfunction","Concept"
"e05e18f29eb761a81df704f7487f5791563786189b123dcb617e74910b9bc219","pending","Concept"
"7b9d2c052ef36cb5d98f96d4fb0ca332d9c94a2d40844002e374df0444f29739","resource","Concept"
"1720c572677bb8910fd8efb01f23b2d519415f8c851ac48399a85e7debe9f4a4","presence","Concept"
"5adf02003b04538293aa3a2a486efd90e01461ff286f3d885dccd56f7e04a970","负担","Concept"
"fadc1e6beba8b2b1f57e75149a7c7cf8cd5a0b6c930bb861a6e43b052434580b","safety","Concept"
"18821fd1d4b5d0f79ef420b9270237938efa80b052004858cc90904df9311e2e","seepage","Concept"
"fcf8bb60b7b3dbfa610f4570b1437a15f871aee68cb1f288199395d4824a2729","删除权限","Concept"
"1aa70037b514a74004bab904736171a73d8f311e86e55c52e86fbddf001371db","organization","Concept"
"3cc1f6a414f8f1b9529d6bbe7f5b1e90afbcac25164aaaa4944b419f11552380","geographic","Concept"
"2f53bce9bc8517a443b257e093641de4a844b179d7fa586ea8e1c7cca6eddfc5","attack","Concept"
"05993b70fb3cfe8764221b15f8aaa151022da09204d138ef3928275c2bc795f8","update","Concept"
"946c58826e9d866f2c7e0458cf6fcac9ea30397493fcc867adf87f1e2f40ed45","work","Concept"
"eb010433f92a785421d184a20f8c557d238f62918a77f5696927a19cc1001392","terminal","Concept"
"5d40b87b8db75801aad535677fc62f664ea8cc49694f23a335fa253fbf8398cb","next meeting","Concept"
"5e26084b84a335ba55fc72dc2551effaa8c212069ea4fa45e79bde8daa3e343c","review","Concept"
"444ccf30034e058e5c9dc42bd34ca09b5e85b50200a140e98d9aedfed8f9c163","specialist","Concept"
"60f659892878891f9b104e4985b6f668c95a727f7b3f02dbf48ebcafd6fb0e1b","scanning","Concept"
"54a188d9d215ad3b588ae9199aef370cfeb96aab6dca327b8a3f787b73aae322","prioritization","Concept"
"c42790233f1d0ad8477ed4ce0ef0591f429185491916a2cc0ddf2ff32d9c3313","issue","Concept"
